대우,,,,NNP,*,F,대우,*,*,*,*,*
구글,,,,NNP,*,T,구글,*,*,*,*,*
총장,,,,NNP,*,T,총장,*,*,*,*,*
건학위원회,,,,NNP,*,F,건학위원회,*,*,*,*,*
정각원,,,,NNP,*,T,정각원,*,*,*,*,*
행정팀,,,,NNP,*,T,행정팀,*,*,*,*,*
비서실,,,,NNP,*,T,비서실,*,*,*,*,*
비서팀,,,,NNP,*,T,비서팀,*,*,*,*,*
소통홍보팀,,,,NNP,*,T,소통홍보팀,*,*,*,*,*
IR팀,,,,NNP,*,T,IR팀,*,*,*,*,*
T.F,,,,SL,*,F,T.F,*,*,*,*,*
대학혁신지원사업단,,,,NNP,*,T,대학혁신지원사업단,*,*,*,*,*
대학기본역량진단준비단,,,,NNP,*,T,대학기본역량진단준비단,*,*,*,*,*
캠퍼스타운사업단,,,,NNP,*,T,캠퍼스타운사업단,*,*,*,*,*
취업박람회 추진위원회,,,,NNP,*,F,취업박람회 추진위원회,*,*,*,*,*
기획부총장,,,,NNP,*,T,기획부총장,*,*,*,*,*
기획처,,,,NNP,*,F,기획처,*,*,*,*,*
기획예산실,,,,NNP,*,T,기획예산실,*,*,*,*,*
평가감사실,,,,NNP,*,T,평가감사실,*,*,*,*,*
대외협력처,,,,NNP,*,F,대외협력처,*,*,*,*,*
대외협력실,,,,NNP,*,T,대외협력실,*,*,*,*,*
총무처,,,,NNP,*,F,총무처,*,*,*,*,*
총무팀,,,,NNP,*,T,총무팀,*,*,*,*,*
재무팀,,,,NNP,*,T,재무팀,*,*,*,*,*
구매팀,,,,NNP,*,T,구매팀,*,*,*,*,*
관리처,,,,NNP,*,F,관리처,*,*,*,*,*
시설팀,,,,NNP,*,T,시설팀,*,*,*,*,*
자산팀,,,,NNP,*,T,자산팀,*,*,*,*,*
미래캠퍼스개발추진팀,,,,NNP,*,T,미래캠퍼스개발추진팀,*,*,*,*,*
캠퍼스안전팀,,,,NNP,*,T,캠퍼스안전팀,*,*,*,*,*
정보처,,,,NNP,*,F,정보처,*,*,*,*,*
정보인프라팀,,,,NNP,*,T,정보인프라팀,*,*,*,*,*
정보운영팀,,,,NNP,*,F,정보운영팀,*,*,*,*,*
국제처,,,,NNP,*,F,국제처,*,*,*,*,*
글로벌교류팀,,,,NNP,*,T,글로벌교류팀,*,*,*,*,*
글로벌입학팀,,,,NNP,*,T,글로벌입학팀,*,*,*,*,*
글로벌인재지원팀,,,,NNP,*,T,글로벌인재지원팀,*,*,*,*,*
BMC행정처,,,,NNP,*,F,BMC행정처,*,*,*,*,*
BMC종합행정실,,,,NNP,*,T,BMC종합행정실,*,*,*,*,*
부속교육기관,,,,NNP,*,T,부속교육기관,*,*,*,*,*
한국어교육원,,,,NNP,*,T,한국어교육원,*,*,*,*,*
대학미디어센터,,,,NNP,*,F,대학미디어센터,*,*,*,*,*
데이터분석센터,,,,NNP,*,F,데이터분석센터,*,*,*,*,*
교무부총장,,,,NNP,*,T,교무부총장,*,*,*,*,*
전문대학원,,,,NNP,*,T,전문대학원,*,*,*,*,*
영상대학원,,,,NNP,*,T,영상대학원,*,*,*,*,*
불교대학원,,,,NNP,*,T,불교대학원,*,*,*,*,*
행정대학원,,,,NNP,*,T,행정대학원,*,*,*,*,*
교육대학원,,,,NNP,*,T,교육대학원,*,*,*,*,*
문화에술대학원,,,,NNP,*,T,문화에술대학원,*,*,*,*,*
언론정보대학원,,,,NNP,*,T,언론정보대학원,*,*,*,*,*
국제정보보호대학원,,,,NNP,*,T,국제정보보호대학원,*,*,*,*,*
법무대학원,,,,NNP,*,T,법무대학원,*,*,*,*,*
경찰사법대학원,,,,NNP,*,T,경찰사법대학원,*,*,*,*,*
교육서비스과학대학원,,,,NNP,*,T,교육서비스과학대학원,*,*,*,*,*
미래융합대학원,,,,NNP,*,T,미래융합대학원,*,*,*,*,*
단과대학 부설 연구기관,,,,NNP,*,T,단과대학 부설 연구기관,*,*,*,*,*
불교대학,,,,NNP,*,T,불교대학,*,*,*,*,*
문과대학,,,,NNP,*,T,문과대학,*,*,*,*,*
이과대학,,,,NNP,*,T,이과대학,*,*,*,*,*
법과대학,,,,NNP,*,T,법과대학,*,*,*,*,*
사회과학대학,,,,NNP,*,T,사회과학대학,*,*,*,*,*
경찰사법대학,,,,NNP,*,T,경찰사법대학,*,*,*,*,*
경영대학,,,,NNP,*,T,경영대학,*,*,*,*,*
바이오시스템대학,,,,NNP,*,T,바이오시스템대학,*,*,*,*,*
공과대학,,,,NNP,*,T,공과대학,*,*,*,*,*
AI융합대학,,,,NNP,*,T,AI융합대학,*,*,*,*,*
사범대학,,,,NNP,*,T,사범대학,*,*,*,*,*
예술대학,,,,NNP,*,T,예술대학,*,*,*,*,*
약학대학,,,,NNP,*,T,약학대학,*,*,*,*,*
미래융합대학,,,,NNP,*,T,미래융합대학,*,*,*,*,*
다르마칼리지,,,,NNP,*,F,다르마칼리지,*,*,*,*,*
교육혁신처,,,,NNP,*,F,교육혁신처,*,*,*,*,*
교육혁신센터,,,,NNP,*,F,교육혁신센터,*,*,*,*,*
교수학습개발센터,,,,NNP,*,F,교수학습개발센터,*,*,*,*,*
역량개발센터,,,,NNP,*,F,역량개발센터,*,*,*,*,*
참사람사회공헌센터,,,,NNP,*,F,참사람사회공헌센터,*,*,*,*,*
교무학생처,,,,NNP,*,F,교무학생처,*,*,*,*,*
교무학생지원팀,,,,NNP,*,T,교무학생지원팀,*,*,*,*,*
취업센터,,,,NNP,*,F,취업센터,*,*,*,*,*
카운슬링센터,,,,NNP,*,F,카운슬링센터,*,*,*,*,*
입학처,,,,NNP,*,F,입학처,*,*,*,*,*
입학실,,,,NNP,*,T,입학실,*,*,*,*,*
중앙도서관,,,,NNP,*,T,중앙도서관,*,*,*,*,*
학술정보관리팀,,,,NNP,*,T,학술정보관리팀,*,*,*,*,*
학술정보서비스팀,,,,NNP,*,T,학술정보서비스팀,*,*,*,*,*
만해마을캠퍼스 교육원,,,,NNP,*,T,만해마을캠퍼스 교육원,*,*,*,*,*
과학영재교육원,,,,NNP,*,T,과학영재교육원,*,*,*,*,*
미래융합대학부설 미래융합교육원,,,,NNP,*,T,미래융합대학부설 미래융합교육원,*,*,*,*,*
미래융합대학부설 원격미래융합교육원,,,,NNP,*,T,미래융합대학부설 원격미래융합교육원,*,*,*,*,*
AI융합대학 부설 융합교육원,,,,NNP,*,T,AI융합대학 부설 융합교육원,*,*,*,*,*
건강증진센터,,,,NNP,*,F,건강증진센터,*,*,*,*,*
바이오자원생태농장,,,,NNP,*,T,바이오자원생태농장,*,*,*,*,*
학술팀관리소,,,,NNP,*,F,학술팀관리소,*,*,*,*,*
대학스포츠실,,,,NNP,*,T,대학스포츠실,*,*,*,*,*
공학교육혁신센터,,,,NNP,*,F,공학교육혁신센터,*,*,*,*,*
인권장애학생 지원센터,,,,NNP,*,F,인권장애학생 지원센터,*,*,*,*,*
2기 대학혁신지원사업 어젠다발굴위원회,,,,NNP,*,F,2기 대학혁신지원사업 어젠다발굴위원회,*,*,*,*,*
제112학군단,,,,NNP,*,T,제112학군단,*,*,*,*,*
연구부총장,,,,NNP,*,T,연구부총장,*,*,*,*,*
연구처,,,,NNP,*,F,연구처,*,*,*,*,*
연구기획실,,,,NNP,*,T,연구기획실,*,*,*,*,*
연구역량지원실,,,,NNP,*,T,연구역량지원실,*,*,*,*,*
일반대학원 학사운영실,,,,NNP,*,T,일반대학원 학사운영실,*,*,*,*,*
LINC+,,,,SL,*,F,LINC+,*,*,*,*,*
IPP,,,,SL,*,F,IPP,*,*,*,*,*
BRIDGE+,,,,SL,*,F,BRIDGE+,*,*,*,*,*
교책연구기관,,,,NNP,*,T,교책연구기관,*,*,*,*,*
불교학술원,,,,NNP,*,T,불교학술원,*,*,*,*,*
문화학술원,,,,NNP,*,T,문화학술원,*,*,*,*,*
미래기술원,,,,NNP,*,T,미래기술원,*,*,*,*,*
영상문화콘텐츠연구원,,,,NNP,*,T,영상문화콘텐츠연구원,*,*,*,*,*
융합안전학술원,,,,NNP,*,T,융합안전학술원,*,*,*,*,*
융합생명과학연구원,,,,NNP,*,T,융합생명과학연구원,*,*,*,*,*
중점연구기관,,,,NNP,*,T,중점연구기관,*,*,*,*,*
산학협력단,,,,NNP,*,T,산학협력단,*,*,*,*,*
산학감사팀,,,,NNP,*,T,산학감사팀,*,*,*,*,*
산학지원부단장,,,,NNP,*,T,산학지원부단장,*,*,*,*,*
산학기획실,,,,NNP,*,T,산학기획실,*,*,*,*,*
산학지원실,,,,NNP,*,T,산학지원실,*,*,*,*,*
산학회계팀,,,,NNP,*,T,산학회계팀,*,*,*,*,*
BMC산학협력팀,,,,NNP,*,T,BMC산학협력팀,*,*,*,*,*
전임상효능평가센터,,,,NNP,*,F,전임상효능평가센터,*,*,*,*,*
의무산학협력팀,,,,NNP,*,T,의무산학협력팀,*,*,*,*,*
공용기기원,,,,NNP,*,T,공용기기원,*,*,*,*,*
창업기술원장,,,,NNP,*,T,창업기술원장,*,*,*,*,*
창업진흥센터,,,,NNP,*,F,창업진흥센터,*,*,*,*,*
기술사업센터,,,,NNP,*,F,기술사업센터,*,*,*,*,*
창업보육센터,,,,NNP,*,F,창업보육센터,*,*,*,*,*
BMC창업보육센터,,,,NNP,*,F,BMC창업보육센터,*,*,*,*,*
국책사업본부장,,,,NNP,*,T,국책사업본부장,*,*,*,*,*
산학연협업센터,,,,NNP,*,F,산학연협업센터,*,*,*,*,*
현장실습지원센터,,,,NNP,*,F,현장실습지원센터,*,*,*,*,*
산학교육센터,,,,NNP,*,F,산학교육센터,*,*,*,*,*
창업교육센터,,,,NNP,*,F,창업교육센터,*,*,*,*,*
국책사업추진팀,,,,NNP,*,T,국책사업추진팀,*,*,*,*,*
AT행정팀,,,,NNP,*,T,AT행정팀,*,*,*,*,*
본관,,,,NNP,*,T,본관,*,*,*,*,*
명진관,,,,NNP,*,T,명진관,*,*,*,*,*
만해관,,,,NNP,*,T,만해관,*,*,*,*,*
법학관,,,,NNP,*,T,법학관,*,*,*,*,*
과학관,,,,NNP,*,T,과학관,*,*,*,*,*
원흥관,,,,NNP,*,T,원흥관,*,*,*,*,*
원흥관1,,,,NNP,*,T,원흥관1,*,*,*,*,*
원흥관2,,,,NNP,*,T,원흥관2,*,*,*,*,*
혜화관,,,,NNP,*,T,혜화관,*,*,*,*,*
학림관,,,,NNP,*,T,학림관,*,*,*,*,*
학생회관,,,,NNP,*,T,학생회관,*,*,*,*,*
경영관,,,,NNP,*,T,경영관,*,*,*,*,*
사회과학관,,,,NNP,*,T,사회과학관,*,*,*,*,*
문화관,,,,NNP,*,T,문화관,*,*,*,*,*
학술관,,,,NNP,*,T,학술관,*,*,*,*,*
다향관,,,,NNP,*,T,다향관,*,*,*,*,*
금강관,,,,NNP,*,T,금강관,*,*,*,*,*
계산관,,,,NNP,*,T,계산관,*,*,*,*,*
계산관A,,,,NNP,*,T,계산관A,*,*,*,*,*
계산관B,,,,NNP,*,T,계산관B,*,*,*,*,*
정보문화관,,,,NNP,*,T,정보문화관,*,*,*,*,*
정보문화관P,,,,NNP,*,T,정보문화관P,*,*,*,*,*
정보문화관Q,,,,NNP,*,T,정보문화관Q,*,*,*,*,*
상록원,,,,NNP,*,T,상록원,*,*,*,*,*
반야관,,,,NNP,*,T,반야관,*,*,*,*,*
만해시비,,,,NNP,*,F,만해시비,*,*,*,*,*
만해광장,,,,NNP,*,T,만해광장,*,*,*,*,*
중앙도서관,,,,NNP,*,T,중앙도서관,*,*,*,*,*
생활협동조합,,,,NNP,*,T,생활협동조합,*,*,*,*,*
대운동장,,,,NNP,*,T,대운동장,*,*,*,*,*
체육관,,,,NNP,*,T,체육관,*,*,*,*,*
신공학관,,,,NNP,*,T,신공학관,*,*,*,*,*
충무로영상상센터,,,,NNP,*,F,충무로영상상센터,*,*,*,*,*
법학생활관,,,,NNP,*,T,법학생활관,*,*,*,*,*
고시반기숙사,,,,NNP,*,F,고시반기숙사,*,*,*,*,*
혜화별관,,,,NNP,*,T,혜화별관,*,*,*,*,*
원흥별관,,,,NNP,*,T,원흥별관,*,*,*,*,*
동국백년비,,,,NNP,*,F,동국백년비,*,*,*,*,*
성상,,,,NNP,*,T,성상,*,*,*,*,*
보현보살코끼리상,,,,NNP,*,T,보현보살코끼리상,*,*,*,*,*
정문,,,,NNP,*,T,정문,*,*,*,*,*
혜화문,,,,NNP,*,T,혜화문,*,*,*,*,*
후문,,,,NNP,*,T,후문,*,*,*,*,*
불교대학,,,,NNP,*,T,불교대학,*,*,*,*,*
불교학부,,,,NNP,*,F,불교학부,*,*,*,*,*
불교학과,,,,NNP,*,F,불교학과,*,*,*,*,*
문과대학,,,,NNP,*,T,문과대학,*,*,*,*,*
국어국문문예창작학부,,,,NNP,*,F,국어국문문예창작학부,*,*,*,*,*
국어국문학과,,,,NNP,*,F,국어국문학과,*,*,*,*,*
문예창작학과,,,,NNP,*,F,문예창작학과,*,*,*,*,*
영어문학전공,,,,NNP,*,T,영어문학전공,*,*,*,*,*
영어통번역학전공,,,,NNP,*,T,영어통번역학전공,*,*,*,*,*
일본학과,,,,NNP,*,F,일본학과,*,*,*,*,*
중어중문학과,,,,NNP,*,F,중어중문학과,*,*,*,*,*
철학과,,,,NNP,*,F,철학과,*,*,*,*,*
사학과,,,,NNP,*,F,사학과,*,*,*,*,*
윤리문화학과,,,,NNP,*,F,윤리문화학과,*,*,*,*,*
이과대학,,,,NNP,*,T,이과대학,*,*,*,*,*
수학과,,,,NNP,*,F,수학과,*,*,*,*,*
화학과,,,,NNP,*,F,화학과,*,*,*,*,*
통계학과,,,,NNP,*,F,통계학과,*,*,*,*,*
물리·반도체과학부,,,,NNP,*,F,물리·반도체과학부,*,*,*,*,*
물리학과,,,,NNP,*,F,물리학과,*,*,*,*,*
반도체과학과,,,,NNP,*,F,반도체과학과,*,*,*,*,*
법학대학,,,,NNP,*,T,법학대학,*,*,*,*,*
법학과,,,,NNP,*,F,법학과,*,*,*,*,*
사회과학대학,,,,NNP,*,T,사회과학대학,*,*,*,*,*
정치외교학전공,,,,NNP,*,T,정치외교학전공,*,*,*,*,*
행정학전공,,,,NNP,*,T,행정학전공,*,*,*,*,*
북한학전공,,,,NNP,*,T,북한학전공,*,*,*,*,*
경제학과,,,,NNP,*,F,경제학과,*,*,*,*,*
국제통상학과,,,,NNP,*,F,국제통상학과,*,*,*,*,*
사회학전공,,,,NNP,*,T,사회학전공,*,*,*,*,*
미디어커뮤니케이션학전공,,,,NNP,*,T,미디어커뮤니케이션학전공,*,*,*,*,*
식품산업관리학과,,,,NNP,*,F,식품산업관리학과,*,*,*,*,*
광고홍보학과,,,,NNP,*,F,광고홍보학과,*,*,*,*,*
사회복지학과,,,,NNP,*,F,사회복지학과,*,*,*,*,*
경찰사범대학,,,,NNP,*,T,경찰사범대학,*,*,*,*,*
경찰행정학부,,,,NNP,*,F,경찰행정학부,*,*,*,*,*
경영대학,,,,NNP,*,T,경영대학,*,*,*,*,*
경영학과,,,,NNP,*,F,경영학과,*,*,*,*,*
회계학과,,,,NNP,*,F,회계학과,*,*,*,*,*
경영정보학과,,,,NNP,*,F,경영정보학과,*,*,*,*,*
바이오시스템대학,,,,NNP,*,T,바이오시스템대학,*,*,*,*,*
바이오환경과학과,,,,NNP,*,F,바이오환경과학과,*,*,*,*,*
생명과학과,,,,NNP,*,F,생명과학과,*,*,*,*,*
식품생명공학과,,,,NNP,*,F,식품생명공학과,*,*,*,*,*
의생명공학과,,,,NNP,*,F,의생명공학과,*,*,*,*,*
공과대학,,,,NNP,*,T,공과대학,*,*,*,*,*
건설환경공학과,,,,NNP,*,F,건설환경공학과,*,*,*,*,*
건축공학전공,,,,NNP,*,T,건축공학전공,*,*,*,*,*
건축학전공,,,,NNP,*,T,건축학전공,*,*,*,*,*
기계로봇에너지공학과,,,,NNP,*,F,기계로봇에너지공학과,*,*,*,*,*
멀티미디어공학과,,,,NNP,*,F,멀티미디어공학과,*,*,*,*,*
산업시스템공학과,,,,NNP,*,F,산업시스템공학과,*,*,*,*,*
융합에너지신소재공학과,,,,NNP,*,F,융합에너지신소재공학과,*,*,*,*,*
전자전기공학부,,,,NNP,*,F,전자전기공학부,*,*,*,*,*
정보통신공학전공,,,,NNP,*,T,정보통신공학전공,*,*,*,*,*
컴퓨터공학전공,,,,NNP,*,T,컴퓨터공학전공,*,*,*,*,*
화공생물공학과,,,,NNP,*,F,화공생물공학과,*,*,*,*,*
AI융합대학,,,,NNP,*,T,AI융합대학,*,*,*,*,*
AI융합학부,,,,NNP,*,F,AI융합학부,*,*,*,*,*
사범대학,,,,NNP,*,T,사범대학,*,*,*,*,*
교육학과,,,,NNP,*,F,교육학과,*,*,*,*,*
국어교육과,,,,NNP,*,F,국어교육과,*,*,*,*,*
역사교육과,,,,NNP,*,F,역사교육과,*,*,*,*,*
지리교육과,,,,NNP,*,F,지리교육과,*,*,*,*,*
수학교육과,,,,NNP,*,F,수학교육과,*,*,*,*,*
가정교육과,,,,NNP,*,F,가정교육과,*,*,*,*,*
체육교육과,,,,NNP,*,F,체육교육과,*,*,*,*,*
예술대학,,,,NNP,*,T,예술대학,*,*,*,*,*
미술학부,,,,NNP,*,F,미술학부,*,*,*,*,*
연극학부,,,,NNP,*,F,연극학부,*,*,*,*,*
영화영상학과,,,,NNP,*,F,영화영상학과,*,*,*,*,*
스포츠문화학과,,,,NNP,*,F,스포츠문화학과,*,*,*,*,*
약학대학,,,,NNP,*,T,약학대학,*,*,*,*,*
약학과,,,,NNP,*,F,약학과,*,*,*,*,*
미래융합대학,,,,NNP,*,T,미래융합대학,*,*,*,*,*
융합보안학과,,,,NNP,*,F,융합보안학과,*,*,*,*,*
사회복지상담학과,,,,NNP,*,F,사회복지상담학과,*,*,*,*,*
글로벌무역학과,,,,NNP,*,F,글로벌무역학과,*,*,*,*,*
다르마칼리지,,,,NNP,*,F,다르마칼리지,*,*,*,*,*
연계전공,,,,NNP,*,T,연계전공,*,*,*,*,*
AI영어교육,,,,NNP,*,T,AI영어교육,*,*,*,*,*
국제교류협력,,,,NNP,*,T,국제교류협력,*,*,*,*,*
과학수학,,,,NNP,*,T,과학수학,*,*,*,*,*
그래픽커뮤니케이션사이언스,,,,NNP,*,F,그래픽커뮤니케이션사이언스,*,*,*,*,*
디자인공학,,,,NNP,*,T,디자인공학,*,*,*,*,*
융합지식재산,,,,NNP,*,T,융합지식재산,*,*,*,*,*
식품영양학,,,,NNP,*,T,식품영양학,*,*,*,*,*
예술융복합,,,,NNP,*,T,예술융복합,*,*,*,*,*
문화기획,,,,NNP,*,T,문화기획,*,*,*,*,*
문화학,,,,NNP,*,T,문화학,*,*,*,*,*
문화공학,,,,NNP,*,T,문화공학,*,*,*,*,*
서베이앤데이터사이언스,,,,NNP,*,F,서베이앤데이터사이언스,*,*,*,*,*
융합소프트웨어,,,,NNP,*,F,융합소프트웨어,*,*,*,*,*
건설정보소프트웨어,,,,NNP,*,F,건설정보소프트웨어,*,*,*,*,*
로봇융합소프트웨어,,,,NNP,*,F,로봇융합소프트웨어,*,*,*,*,*
문화예술소프트웨어,,,,NNP,*,F,문화예술소프트웨어,*,*,*,*,*
범죄수사소프트웨어,,,,NNP,*,F,범죄수사소프트웨어,*,*,*,*,*
산업정보소프트웨어,,,,NNP,*,F,산업정보소프트웨어,*,*,*,*,*
생명정보소프트웨어,,,,NNP,*,F,생명정보소프트웨어,*,*,*,*,*
데이터사이언스소프트웨어,,,,NNP,*,F,데이터사이언스소프트웨어,*,*,*,*,*
융합전공,,,,NNP,*,T,융합전공,*,*,*,*,*
공공인재융합전공,,,,NNP,*,T,공공인재융합전공,*,*,*,*,*
인텔리전스융합전공,,,,NNP,*,T,인텔리전스융합전공,*,*,*,*,*
가네산쿠마르,,,,NNP,*,F,가네산쿠마르,*,*,*,*,*
가네쉬,,,,NNP,*,F,가네쉬,*,*,*,*,*
가든쿡,,,,NNP,*,T,가든쿡,*,*,*,*,*
가야난고다크,,,,NNP,*,F,가야난고다크,*,*,*,*,*
가온누리기념품점,,,,NNP,*,T,가온누리기념품점,*,*,*,*,*
간바야르,,,,NNP,*,F,간바야르,*,*,*,*,*
간자르알피앙,,,,NNP,*,T,간자르알피앙,*,*,*,*,*
강경훈,,,,NNP,*,T,강경훈,*,*,*,*,*
강규영,,,,NNP,*,T,강규영,*,*,*,*,*
강다현,,,,NNP,*,T,강다현,*,*,*,*,*
강대공,,,,NNP,*,T,강대공,*,*,*,*,*
강동욱,,,,NNP,*,T,강동욱,*,*,*,*,*
강삼모,,,,NNP,*,F,강삼모,*,*,*,*,*
강상욱,,,,NNP,*,T,강상욱,*,*,*,*,*
강석성,,,,NNP,*,T,강석성,*,*,*,*,*
강우성,,,,NNP,*,T,강우성,*,*,*,*,*
강유진,,,,NNP,*,T,강유진,*,*,*,*,*
강윤재,,,,NNP,*,F,강윤재,*,*,*,*,*
강재원,,,,NNP,*,T,강재원,*,*,*,*,*
강정욱,,,,NNP,*,T,강정욱,*,*,*,*,*
강주현,,,,NNP,*,T,강주현,*,*,*,*,*
강지영,,,,NNP,*,T,강지영,*,*,*,*,*
강태원,,,,NNP,*,T,강태원,*,*,*,*,*
강택진,,,,NNP,*,T,강택진,*,*,*,*,*
강향숙,,,,NNP,*,T,강향숙,*,*,*,*,*
강호덕,,,,NNP,*,T,강호덕,*,*,*,*,*
게럿파월,,,,NNP,*,T,게럿파월,*,*,*,*,*
고기복,,,,NNP,*,T,고기복,*,*,*,*,*
고봉환,,,,NNP,*,T,고봉환,*,*,*,*,*
고양학사,,,,NNP,*,F,고양학사,*,*,*,*,*
고영섭,,,,NNP,*,T,고영섭,*,*,*,*,*
고유환,,,,NNP,*,T,고유환,*,*,*,*,*
고은선,,,,NNP,*,F,고은선,*,*,*,*,*
고재석,,,,NNP,*,T,고재석,*,*,*,*,*
고정아,,,,NNP,*,F,고정아,*,*,*,*,*
고제선,,,,NNP,*,T,고제선,*,*,*,*,*
고진호,,,,NNP,*,F,고진호,*,*,*,*,*
고쿠쇼카즈미,,,,NNP,*,F,고쿠쇼카즈미,*,*,*,*,*
고태은,,,,NNP,*,T,고태은,*,*,*,*,*
고하나,,,,NNP,*,F,고하나,*,*,*,*,*
고호,,,,NNP,*,F,고호,*,*,*,*,*
공영대,,,,NNP,*,F,공영대,*,*,*,*,*
공혜정,,,,NNP,*,T,공혜정,*,*,*,*,*
공효은,,,,NNP,*,T,공효은,*,*,*,*,*
곽나영,,,,NNP,*,T,곽나영,*,*,*,*,*
곽대경,,,,NNP,*,T,곽대경,*,*,*,*,*
곽뢰,,,,NNP,*,F,곽뢰,*,*,*,*,*
곽문규,,,,NNP,*,F,곽문규,*,*,*,*,*
곽미라,,,,NNP,*,F,곽미라,*,*,*,*,*
곽보근,,,,NNP,*,T,곽보근,*,*,*,*,*
곽채기,,,,NNP,*,F,곽채기,*,*,*,*,*
곽화륜,,,,NNP,*,T,곽화륜,*,*,*,*,*
교재실,,,,NNP,*,T,교재실,*,*,*,*,*
교직원식당,,,,NNP,*,T,교직원식당,*,*,*,*,*
구미진,,,,NNP,*,T,구미진,*,*,*,*,*
구성민,,,,NNP,*,T,구성민,*,*,*,*,*
구은정,,,,NNP,*,T,구은정,*,*,*,*,*
구자희,,,,NNP,*,F,구자희,*,*,*,*,*
권경혜,,,,NNP,*,F,권경혜,*,*,*,*,*
권경희,,,,NNP,*,F,권경희,*,*,*,*,*
권기운,,,,NNP,*,T,권기운,*,*,*,*,*
권문채,,,,NNP,*,F,권문채,*,*,*,*,*
권병화,,,,NNP,*,F,권병화,*,*,*,*,*
권보경,,,,NNP,*,T,권보경,*,*,*,*,*
권세진,,,,NNP,*,T,권세진,*,*,*,*,*
권승구,,,,NNP,*,F,권승구,*,*,*,*,*
권영은,,,,NNP,*,T,권영은,*,*,*,*,*
권영준,,,,NNP,*,T,권영준,*,*,*,*,*
권영해,,,,NNP,*,F,권영해,*,*,*,*,*
권영희,,,,NNP,*,F,권영희,*,*,*,*,*
권오수,,,,NNP,*,F,권오수,*,*,*,*,*
권오정,,,,NNP,*,T,권오정,*,*,*,*,*
권은진,,,,NNP,*,T,권은진,*,*,*,*,*
권익현,,,,NNP,*,T,권익현,*,*,*,*,*
권정현(자헌),,,,NNP,*,T,권정현(자헌),*,*,*,*,*
권준희,,,,NNP,*,F,권준희,*,*,*,*,*
권지연,,,,NNP,*,T,권지연,*,*,*,*,*
권혁자,,,,NNP,*,F,권혁자,*,*,*,*,*
권혁필,,,,NNP,*,T,권혁필,*,*,*,*,*
그루터기매점,,,,NNP,*,T,그루터기매점,*,*,*,*,*
그루터기학생식당,,,,NNP,*,T,그루터기학생식당,*,*,*,*,*
금나나,,,,NNP,*,F,금나나,*,*,*,*,*
금영삼,,,,NNP,*,T,금영삼,*,*,*,*,*
길홍모,,,,NNP,*,F,길홍모,*,*,*,*,*
김가연,,,,NNP,*,T,김가연,*,*,*,*,*
김가영,,,,NNP,*,T,김가영,*,*,*,*,*
김갑수,,,,NNP,*,F,김갑수,*,*,*,*,*
김갑순,,,,NNP,*,T,김갑순,*,*,*,*,*
김건욱,,,,NNP,*,T,김건욱,*,*,*,*,*
김경래,,,,NNP,*,F,김경래,*,*,*,*,*
김경모,,,,NNP,*,F,김경모,*,*,*,*,*
김경민,,,,NNP,*,T,김경민,*,*,*,*,*
김경엽,,,,NNP,*,T,김경엽,*,*,*,*,*
김경재,,,,NNP,*,F,김경재,*,*,*,*,*
김경제,,,,NNP,*,F,김경제,*,*,*,*,*
김경희,,,,NNP,*,F,김경희,*,*,*,*,*
김계철,,,,NNP,*,T,김계철,*,*,*,*,*
김관규,,,,NNP,*,T,김관규,*,*,*,*,*
김관용,,,,NNP,*,T,김관용,*,*,*,*,*
김관호,,,,NNP,*,F,김관호,*,*,*,*,*
김광식,,,,NNP,*,T,김광식,*,*,*,*,*
김광일,,,,NNP,*,T,김광일,*,*,*,*,*
김광희,,,,NNP,*,F,김광희,*,*,*,*,*
김교범,,,,NNP,*,T,김교범,*,*,*,*,*
김구영,,,,NNP,*,T,김구영,*,*,*,*,*
김국동,,,,NNP,*,T,김국동,*,*,*,*,*
김국희,,,,NNP,*,F,김국희,*,*,*,*,*
김규리,,,,NNP,*,F,김규리,*,*,*,*,*
김규환,,,,NNP,*,T,김규환,*,*,*,*,*
김기정,,,,NNP,*,T,김기정,*,*,*,*,*
김기훈,,,,NNP,*,T,김기훈,*,*,*,*,*
김나영,,,,NNP,*,T,김나영,*,*,*,*,*
김남인,,,,NNP,*,T,김남인,*,*,*,*,*
김다혜,,,,NNP,*,F,김다혜,*,*,*,*,*
김대룡,,,,NNP,*,T,김대룡,*,*,*,*,*
김대영,,,,NNP,*,T,김대영,*,*,*,*,*
김대욱,,,,NNP,*,T,김대욱,*,*,*,*,*
김대은,,,,NNP,*,T,김대은,*,*,*,*,*
김대진,,,,NNP,*,T,김대진,*,*,*,*,*
김도선,,,,NNP,*,T,김도선,*,*,*,*,*
김도연,,,,NNP,*,T,김도연,*,*,*,*,*
김도영,,,,NNP,*,T,김도영,*,*,*,*,*
김도진,,,,NNP,*,T,김도진,*,*,*,*,*
김도현,,,,NNP,*,T,김도현,*,*,*,*,*
김도희,,,,NNP,*,F,김도희,*,*,*,*,*
김동규,,,,NNP,*,F,김동규,*,*,*,*,*
김동찬,,,,NNP,*,T,김동찬,*,*,*,*,*
김동한,,,,NNP,*,T,김동한,*,*,*,*,*
김동호,,,,NNP,*,F,김동호,*,*,*,*,*
김동환,,,,NNP,*,T,김동환,*,*,*,*,*
김득영,,,,NNP,*,T,김득영,*,*,*,*,*
김득환,,,,NNP,*,T,김득환,*,*,*,*,*
김면준,,,,NNP,*,T,김면준,*,*,*,*,*
김명숙,,,,NNP,*,T,김명숙,*,*,*,*,*
김명실,,,,NNP,*,T,김명실,*,*,*,*,*
김명진,,,,NNP,*,T,김명진,*,*,*,*,*
김묘욱,,,,NNP,*,T,김묘욱,*,*,*,*,*
김미경,,,,NNP,*,T,김미경,*,*,*,*,*
김미라,,,,NNP,*,F,김미라,*,*,*,*,*
김미숙,,,,NNP,*,T,김미숙,*,*,*,*,*
김민경,,,,NNP,*,T,김민경,*,*,*,*,*
김민서,,,,NNP,*,F,김민서,*,*,*,*,*
김민성,,,,NNP,*,T,김민성,*,*,*,*,*
김민정,,,,NNP,*,T,김민정,*,*,*,*,*
김민주,,,,NNP,*,F,김민주,*,*,*,*,*
김민지,,,,NNP,*,F,김민지,*,*,*,*,*
김민철,,,,NNP,*,T,김민철,*,*,*,*,*
김민휴,,,,NNP,*,F,김민휴,*,*,*,*,*
김범주,,,,NNP,*,F,김범주,*,*,*,*,*
김범중,,,,NNP,*,T,김범중,*,*,*,*,*
김병모,,,,NNP,*,F,김병모,*,*,*,*,*
김병용,,,,NNP,*,T,김병용,*,*,*,*,*
김병재,,,,NNP,*,F,김병재,*,*,*,*,*
김병학,,,,NNP,*,T,김병학,*,*,*,*,*
김병혁,,,,NNP,*,T,김병혁,*,*,*,*,*
김병호,,,,NNP,*,F,김병호,*,*,*,*,*
김보경,,,,NNP,*,T,김보경,*,*,*,*,*
김보연,,,,NNP,*,T,김보연,*,*,*,*,*
김봉건,,,,NNP,*,T,김봉건,*,*,*,*,*
김봉수,,,,NNP,*,F,김봉수,*,*,*,*,*
김봉주,,,,NNP,*,F,김봉주,*,*,*,*,*
김봉현,,,,NNP,*,T,김봉현,*,*,*,*,*
김삼동,,,,NNP,*,T,김삼동,*,*,*,*,*
김삼진,,,,NNP,*,T,김삼진,*,*,*,*,*
김삼현,,,,NNP,*,T,김삼현,*,*,*,*,*
김상건,,,,NNP,*,T,김상건,*,*,*,*,*
김상겸,,,,NNP,*,T,김상겸,*,*,*,*,*
김상년,,,,NNP,*,T,김상년,*,*,*,*,*
김상문,,,,NNP,*,T,김상문,*,*,*,*,*
김상미,,,,NNP,*,F,김상미,*,*,*,*,*
김상범,,,,NNP,*,T,김상범,*,*,*,*,*
김상유,,,,NNP,*,F,김상유,*,*,*,*,*
김상일,,,,NNP,*,T,김상일,*,*,*,*,*
김석태,,,,NNP,*,T,김석태,*,*,*,*,*
김선경,,,,NNP,*,T,김선경,*,*,*,*,*
김선기,,,,NNP,*,F,김선기,*,*,*,*,*
김선우,,,,NNP,*,F,김선우,*,*,*,*,*
김선웅,,,,NNP,*,T,김선웅,*,*,*,*,*
김선정,,,,NNP,*,T,김선정,*,*,*,*,*
김선희,,,,NNP,*,F,김선희,*,*,*,*,*
김설희,,,,NNP,*,F,김설희,*,*,*,*,*
김성규,,,,NNP,*,F,김성규,*,*,*,*,*
김성민,,,,NNP,*,T,김성민,*,*,*,*,*
김성연,,,,NNP,*,T,김성연,*,*,*,*,*
김성옥,,,,NNP,*,T,김성옥,*,*,*,*,*
김성우,,,,NNP,*,F,김성우,*,*,*,*,*
김성운,,,,NNP,*,T,김성운,*,*,*,*,*
김성은,,,,NNP,*,T,김성은,*,*,*,*,*
김성주,,,,NNP,*,F,김성주,*,*,*,*,*
김성준,,,,NNP,*,T,김성준,*,*,*,*,*
김성중,,,,NNP,*,T,김성중,*,*,*,*,*
김성태,,,,NNP,*,F,김성태,*,*,*,*,*
김성훈,,,,NNP,*,T,김성훈,*,*,*,*,*
김세아,,,,NNP,*,F,김세아,*,*,*,*,*
김솔,,,,NNP,*,T,김솔,*,*,*,*,*
김소영,,,,NNP,*,T,김소영,*,*,*,*,*
김소윤,,,,NNP,*,T,김소윤,*,*,*,*,*
김수연,,,,NNP,*,T,김수연,*,*,*,*,*
김수영,,,,NNP,*,T,김수영,*,*,*,*,*
김수정,,,,NNP,*,T,김수정,*,*,*,*,*
김수진,,,,NNP,*,T,김수진,*,*,*,*,*
김수형,,,,NNP,*,T,김수형,*,*,*,*,*
김수혜,,,,NNP,*,F,김수혜,*,*,*,*,*
김순영,,,,NNP,*,T,김순영,*,*,*,*,*
김승연,,,,NNP,*,T,김승연,*,*,*,*,*
김승용,,,,NNP,*,T,김승용,*,*,*,*,*
김승욱,,,,NNP,*,T,김승욱,*,*,*,*,*
김시현,,,,NNP,*,T,김시현,*,*,*,*,*
김신애,,,,NNP,*,F,김신애,*,*,*,*,*
김애주,,,,NNP,*,F,김애주,*,*,*,*,*
김양수,,,,NNP,*,F,김양수,*,*,*,*,*
김양우,,,,NNP,*,F,김양우,*,*,*,*,*
김양원,,,,NNP,*,T,김양원,*,*,*,*,*
김언호,,,,NNP,*,F,김언호,*,*,*,*,*
김연구,,,,NNP,*,F,김연구,*,*,*,*,*
김연미,,,,NNP,*,F,김연미,*,*,*,*,*
김연수,,,,NNP,*,F,김연수,*,*,*,*,*
김연진,,,,NNP,*,T,김연진,*,*,*,*,*
김영관,,,,NNP,*,T,김영관,*,*,*,*,*
김영민,,,,NNP,*,T,김영민,*,*,*,*,*
김영우,,,,NNP,*,F,김영우,*,*,*,*,*
김영주,,,,NNP,*,F,김영주,*,*,*,*,*
김영태,,,,NNP,*,F,김영태,*,*,*,*,*
김영훈,,,,NNP,*,T,김영훈,*,*,*,*,*
김예니,,,,NNP,*,F,김예니,*,*,*,*,*
김용,,,,NNP,*,T,김용,*,*,*,*,*
김용관,,,,NNP,*,T,김용관,*,*,*,*,*
김용석,,,,NNP,*,T,김용석,*,*,*,*,*
김용수,,,,NNP,*,F,김용수,*,*,*,*,*
김용태,,,,NNP,*,F,김용태,*,*,*,*,*
김용현,,,,NNP,*,T,김용현,*,*,*,*,*
김용환,,,,NNP,*,T,김용환,*,*,*,*,*
김우빈,,,,NNP,*,T,김우빈,*,*,*,*,*
김우찬,,,,NNP,*,T,김우찬,*,*,*,*,*
김웅갑,,,,NNP,*,T,김웅갑,*,*,*,*,*
김웅섭,,,,NNP,*,T,김웅섭,*,*,*,*,*
김유미,,,,NNP,*,F,김유미,*,*,*,*,*
김유빈,,,,NNP,*,T,김유빈,*,*,*,*,*
김유신,,,,NNP,*,T,김유신,*,*,*,*,*
김유진,,,,NNP,*,T,김유진,*,*,*,*,*
김유화,,,,NNP,*,F,김유화,*,*,*,*,*
김윤경,,,,NNP,*,T,김윤경,*,*,*,*,*
김윤선,,,,NNP,*,T,김윤선,*,*,*,*,*
김윤수,,,,NNP,*,F,김윤수,*,*,*,*,*
김윤지,,,,NNP,*,F,김윤지,*,*,*,*,*
김윤진,,,,NNP,*,T,김윤진,*,*,*,*,*
김윤창,,,,NNP,*,T,김윤창,*,*,*,*,*
김은석,,,,NNP,*,T,김은석,*,*,*,*,*
김은애,,,,NNP,*,F,김은애,*,*,*,*,*
김은영,,,,NNP,*,T,김은영,*,*,*,*,*
김인우,,,,NNP,*,F,김인우,*,*,*,*,*
김인재,,,,NNP,*,F,김인재,*,*,*,*,*
김인환,,,,NNP,*,T,김인환,*,*,*,*,*
김일환,,,,NNP,*,T,김일환,*,*,*,*,*
김자영,,,,NNP,*,T,김자영,*,*,*,*,*
김장구,,,,NNP,*,F,김장구,*,*,*,*,*
김재완,,,,NNP,*,T,김재완,*,*,*,*,*
김재은,,,,NNP,*,T,김재은,*,*,*,*,*
김정기,,,,NNP,*,F,김정기,*,*,*,*,*
김정미,,,,NNP,*,F,김정미,*,*,*,*,*
김정민,,,,NNP,*,T,김정민,*,*,*,*,*
김정석,,,,NNP,*,T,김정석,*,*,*,*,*
김정수,,,,NNP,*,F,김정수,*,*,*,*,*
김정아,,,,NNP,*,F,김정아,*,*,*,*,*
김정연,,,,NNP,*,T,김정연,*,*,*,*,*
김정은,,,,NNP,*,T,김정은,*,*,*,*,*
김정호,,,,NNP,*,F,김정호,*,*,*,*,*
김정환,,,,NNP,*,T,김정환,*,*,*,*,*
김종기,,,,NNP,*,F,김종기,*,*,*,*,*
김종민,,,,NNP,*,T,김종민,*,*,*,*,*
김종배,,,,NNP,*,F,김종배,*,*,*,*,*
김종애,,,,NNP,*,F,김종애,*,*,*,*,*
김종완,,,,NNP,*,T,김종완,*,*,*,*,*
김종욱,,,,NNP,*,T,김종욱,*,*,*,*,*
김종윤,,,,NNP,*,T,김종윤,*,*,*,*,*
김종일,,,,NNP,*,T,김종일,*,*,*,*,*
김종주,,,,NNP,*,F,김종주,*,*,*,*,*
김종진,,,,NNP,*,T,김종진,*,*,*,*,*
김종필,,,,NNP,*,T,김종필,*,*,*,*,*
김준,,,,NNP,*,T,김준,*,*,*,*,*
김주미,,,,NNP,*,F,김주미,*,*,*,*,*
김주영,,,,NNP,*,T,김주영,*,*,*,*,*
김준석,,,,NNP,*,T,김준석,*,*,*,*,*
김준오,,,,NNP,*,F,김준오,*,*,*,*,*
김준태,,,,NNP,*,F,김준태,*,*,*,*,*
김중희,,,,NNP,*,F,김중희,*,*,*,*,*
김지연,,,,NNP,*,T,김지연,*,*,*,*,*
김지오,,,,NNP,*,F,김지오,*,*,*,*,*
김지우,,,,NNP,*,F,김지우,*,*,*,*,*
김지원,,,,NNP,*,T,김지원,*,*,*,*,*
김지향,,,,NNP,*,T,김지향,*,*,*,*,*
김지훈,,,,NNP,*,T,김지훈,*,*,*,*,*
김지희,,,,NNP,*,T,김지희,*,*,*,*,*
김진선,,,,NNP,*,T,김진선,*,*,*,*,*
김진식,,,,NNP,*,T,김진식,*,*,*,*,*
김진아,,,,NNP,*,F,김진아,*,*,*,*,*
김진완,,,,NNP,*,T,김진완,*,*,*,*,*
김진환,,,,NNP,*,T,김진환,*,*,*,*,*
김차윤,,,,NNP,*,T,김차윤,*,*,*,*,*
김찬홍,,,,NNP,*,T,김찬홍,*,*,*,*,*
김창래,,,,NNP,*,F,김창래,*,*,*,*,*
김창현,,,,NNP,*,T,김창현,*,*,*,*,*
김천학,,,,NNP,*,T,김천학,*,*,*,*,*
김초아,,,,NNP,*,F,김초아,*,*,*,*,*
김춘식,,,,NNP,*,T,김춘식,*,*,*,*,*
김태영,,,,NNP,*,T,김태영,*,*,*,*,*
김태욱,,,,NNP,*,T,김태욱,*,*,*,*,*
김태진,,,,NNP,*,T,김태진,*,*,*,*,*
김태형,,,,NNP,*,T,김태형,*,*,*,*,*
김태환,,,,NNP,*,T,김태환,*,*,*,*,*
김태훈,,,,NNP,*,T,김태훈,*,*,*,*,*
김택경,,,,NNP,*,T,김택경,*,*,*,*,*
김하,,,,NNP,*,F,김하,*,*,*,*,*
김하정,,,,NNP,*,T,김하정,*,*,*,*,*
김학원,,,,NNP,*,T,김학원,*,*,*,*,*
김학주,,,,NNP,*,F,김학주,*,*,*,*,*
김해덕,,,,NNP,*,T,김해덕,*,*,*,*,*
김해민,,,,NNP,*,T,김해민,*,*,*,*,*
김현동,,,,NNP,*,T,김현동,*,*,*,*,*
김현석,,,,NNP,*,T,김현석,*,*,*,*,*
김현승,,,,NNP,*,T,김현승,*,*,*,*,*
김현정,,,,NNP,*,T,김현정,*,*,*,*,*
김현주,,,,NNP,*,F,김현주,*,*,*,*,*
김현지,,,,NNP,*,F,김현지,*,*,*,*,*
김현희,,,,NNP,*,F,김현희,*,*,*,*,*
김형배,,,,NNP,*,F,김형배,*,*,*,*,*
김형상,,,,NNP,*,T,김형상,*,*,*,*,*
김형용,,,,NNP,*,T,김형용,*,*,*,*,*
김형호,,,,NNP,*,F,김형호,*,*,*,*,*
김혜림,,,,NNP,*,T,김혜림,*,*,*,*,*
김혜선,,,,NNP,*,T,김혜선,*,*,*,*,*
김혜수,,,,NNP,*,F,김혜수,*,*,*,*,*
김혜연,,,,NNP,*,T,김혜연,*,*,*,*,*
김혜원,,,,NNP,*,T,김혜원,*,*,*,*,*
김혜인,,,,NNP,*,T,김혜인,*,*,*,*,*
김혜진,,,,NNP,*,T,김혜진,*,*,*,*,*
김호귀,,,,NNP,*,F,김호귀,*,*,*,*,*
김호성,,,,NNP,*,T,김호성,*,*,*,*,*
김홍희,,,,NNP,*,F,김홍희,*,*,*,*,*
김화석,,,,NNP,*,T,김화석,*,*,*,*,*
김환기,,,,NNP,*,F,김환기,*,*,*,*,*
김황록,,,,NNP,*,T,김황록,*,*,*,*,*
김효규,,,,NNP,*,F,김효규,*,*,*,*,*
김효수,,,,NNP,*,F,김효수,*,*,*,*,*
김효정,,,,NNP,*,T,김효정,*,*,*,*,*
김흥수,,,,NNP,*,F,김흥수,*,*,*,*,*
김희경,,,,NNP,*,T,김희경,*,*,*,*,*
김희창,,,,NNP,*,T,김희창,*,*,*,*,*
나보승,,,,NNP,*,T,나보승,*,*,*,*,*
나빈쿠마르,,,,NNP,*,F,나빈쿠마르,*,*,*,*,*
나윤주,,,,NNP,*,F,나윤주,*,*,*,*,*
나호주,,,,NNP,*,F,나호주,*,*,*,*,*
남경완,,,,NNP,*,T,남경완,*,*,*,*,*
남근우,,,,NNP,*,F,남근우,*,*,*,*,*
남기환,,,,NNP,*,T,남기환,*,*,*,*,*
남산학사 안내데스크,,,,NNP,*,F,남산학사 안내데스크,*,*,*,*,*
남산학사식당,,,,NNP,*,T,남산학사식당,*,*,*,*,*
남산학사카페,,,,NNP,*,F,남산학사카페,*,*,*,*,*
남선영,,,,NNP,*,T,남선영,*,*,*,*,*
남수정,,,,NNP,*,T,남수정,*,*,*,*,*
남연교,,,,NNP,*,F,남연교,*,*,*,*,*
남요원,,,,NNP,*,T,남요원,*,*,*,*,*
남정옥,,,,NNP,*,T,남정옥,*,*,*,*,*
남진숙,,,,NNP,*,T,남진숙,*,*,*,*,*
남태식,,,,NNP,*,T,남태식,*,*,*,*,*
남혜정,,,,NNP,*,T,남혜정,*,*,*,*,*
노경진,,,,NNP,*,T,노경진,*,*,*,*,*
노대환,,,,NNP,*,T,노대환,*,*,*,*,*
노만이크발,,,,NNP,*,T,노만이크발,*,*,*,*,*
노삼규,,,,NNP,*,F,노삼규,*,*,*,*,*
노유진,,,,NNP,*,T,노유진,*,*,*,*,*
노은정,,,,NNP,*,T,노은정,*,*,*,*,*
노장오,,,,NNP,*,F,노장오,*,*,*,*,*
노지혜,,,,NNP,*,F,노지혜,*,*,*,*,*
노헌균,,,,NNP,*,T,노헌균,*,*,*,*,*
노혜경,,,,NNP,*,T,노혜경,*,*,*,*,*
노홍주,,,,NNP,*,F,노홍주,*,*,*,*,*
뉴엔치엔잣,,,,NNP,*,T,뉴엔치엔잣,*,*,*,*,*
닐레쉬,,,,NNP,*,F,닐레쉬,*,*,*,*,*
다나,,,,NNP,*,F,다나,*,*,*,*,*
다향관통합매장,,,,NNP,*,T,다향관통합매장,*,*,*,*,*
데런크레인,,,,NNP,*,T,데런크레인,*,*,*,*,*
데미안,,,,NNP,*,T,데미안,*,*,*,*,*
데이린프롤리,,,,NNP,*,F,데이린프롤리,*,*,*,*,*
도경화,,,,NNP,*,F,도경화,*,*,*,*,*
도윤수,,,,NNP,*,F,도윤수,*,*,*,*,*
도준호,,,,NNP,*,F,도준호,*,*,*,*,*
두옹은곡탄,,,,NNP,*,T,두옹은곡탄,*,*,*,*,*
디초콜릿커피앤드,,,,NNP,*,F,디초콜릿커피앤드,*,*,*,*,*
라메쉬,,,,NNP,*,F,라메쉬,*,*,*,*,*
라혜민,,,,NNP,*,T,라혜민,*,*,*,*,*
란비르,,,,NNP,*,F,란비르,*,*,*,*,*
랜지스,,,,NNP,*,F,랜지스,*,*,*,*,*
루바오인,,,,NNP,*,T,루바오인,*,*,*,*,*
류쉬,,,,NNP,*,F,류쉬,*,*,*,*,*
류철,,,,NNP,*,T,류철,*,*,*,*,*
리카르도,,,,NNP,*,F,리카르도,*,*,*,*,*
마누 쿠마르,,,,NNP,*,F,마누 쿠마르,*,*,*,*,*
마승혜,,,,NNP,*,F,마승혜,*,*,*,*,*
마이클오코넬,,,,NNP,*,T,마이클오코넬,*,*,*,*,*
마이클존빈스,,,,NNP,*,F,마이클존빈스,*,*,*,*,*
마창창,,,,NNP,*,T,마창창,*,*,*,*,*
마크존슨,,,,NNP,*,T,마크존슨,*,*,*,*,*
마틴파하드,,,,NNP,*,F,마틴파하드,*,*,*,*,*
맷그로스,,,,NNP,*,F,맷그로스,*,*,*,*,*
모비눌이스람,,,,NNP,*,T,모비눌이스람,*,*,*,*,*
모하마드만부부라만,,,,NNP,*,T,모하마드만부부라만,*,*,*,*,*
문경연,,,,NNP,*,F,문경연,*,*,*,*,*
문구점,,,,NNP,*,T,문구점,*,*,*,*,*
문상국,,,,NNP,*,T,문상국,*,*,*,*,*
문원립,,,,NNP,*,T,문원립,*,*,*,*,*
문유나,,,,NNP,*,F,문유나,*,*,*,*,*
문종원,,,,NNP,*,T,문종원,*,*,*,*,*
문해은,,,,NNP,*,T,문해은,*,*,*,*,*
문현공,,,,NNP,*,T,문현공,*,*,*,*,*
문혜리,,,,NNP,*,F,문혜리,*,*,*,*,*
문환표,,,,NNP,*,F,문환표,*,*,*,*,*
미나,,,,NNP,*,F,미나,*,*,*,*,*
민경인,,,,NNP,*,T,민경인,*,*,*,*,*
민동욱,,,,NNP,*,T,민동욱,*,*,*,*,*
민세진,,,,NNP,*,T,민세진,*,*,*,*,*
민형철,,,,NNP,*,T,민형철,*,*,*,*,*
민희주,,,,NNP,*,F,민희주,*,*,*,*,*
바투라시나,,,,NNP,*,F,바투라시나,*,*,*,*,*
바트서플,,,,NNP,*,T,바트서플,*,*,*,*,*
박가희,,,,NNP,*,F,박가희,*,*,*,*,*
박강령,,,,NNP,*,T,박강령,*,*,*,*,*
박강석,,,,NNP,*,T,박강석,*,*,*,*,*
박건,,,,NNP,*,T,박건,*,*,*,*,*
박건영,,,,NNP,*,T,박건영,*,*,*,*,*
박관순,,,,NNP,*,T,박관순,*,*,*,*,*
박관평,,,,NNP,*,T,박관평,*,*,*,*,*
박광명,,,,NNP,*,T,박광명,*,*,*,*,*
박광현,,,,NNP,*,T,박광현,*,*,*,*,*
박근형,,,,NNP,*,T,박근형,*,*,*,*,*
박기주,,,,NNP,*,F,박기주,*,*,*,*,*
박나리,,,,NNP,*,F,박나리,*,*,*,*,*
박노경,,,,NNP,*,T,박노경,*,*,*,*,*
박다예,,,,NNP,*,F,박다예,*,*,*,*,*
박대혁,,,,NNP,*,T,박대혁,*,*,*,*,*
박명관,,,,NNP,*,T,박명관,*,*,*,*,*
박명호,,,,NNP,*,F,박명호,*,*,*,*,*
박명희,,,,NNP,*,F,박명희,*,*,*,*,*
박문기,,,,NNP,*,F,박문기,*,*,*,*,*
박민영,,,,NNP,*,T,박민영,*,*,*,*,*
박민하,,,,NNP,*,F,박민하,*,*,*,*,*
박범식,,,,NNP,*,T,박범식,*,*,*,*,*
박병록,,,,NNP,*,T,박병록,*,*,*,*,*
박병재,,,,NNP,*,F,박병재,*,*,*,*,*
박병하,,,,NNP,*,F,박병하,*,*,*,*,*
박봉서,,,,NNP,*,F,박봉서,*,*,*,*,*
박상권,,,,NNP,*,T,박상권,*,*,*,*,*
박상민,,,,NNP,*,T,박상민,*,*,*,*,*
박상진,,,,NNP,*,T,박상진,*,*,*,*,*
박상춘,,,,NNP,*,T,박상춘,*,*,*,*,*
박상훈,,,,NNP,*,T,박상훈,*,*,*,*,*
박서진,,,,NNP,*,T,박서진,*,*,*,*,*
박석홍,,,,NNP,*,T,박석홍,*,*,*,*,*
박선영,,,,NNP,*,T,박선영,*,*,*,*,*
박선재,,,,NNP,*,F,박선재,*,*,*,*,*
박선형,,,,NNP,*,T,박선형,*,*,*,*,*
박선희,,,,NNP,*,F,박선희,*,*,*,*,*
박성식,,,,NNP,*,T,박성식,*,*,*,*,*
박성원,,,,NNP,*,T,박성원,*,*,*,*,*
박성지,,,,NNP,*,F,박성지,*,*,*,*,*
박성철,,,,NNP,*,T,박성철,*,*,*,*,*
박성혜,,,,NNP,*,F,박성혜,*,*,*,*,*
박성호,,,,NNP,*,F,박성호,*,*,*,*,*
박세진,,,,NNP,*,T,박세진,*,*,*,*,*
박세훈,,,,NNP,*,T,박세훈,*,*,*,*,*
박소라,,,,NNP,*,F,박소라,*,*,*,*,*
박소리,,,,NNP,*,F,박소리,*,*,*,*,*
박소연,,,,NNP,*,T,박소연,*,*,*,*,*
박소영,,,,NNP,*,T,박소영,*,*,*,*,*
박소정,,,,NNP,*,T,박소정,*,*,*,*,*
박수경,,,,NNP,*,T,박수경,*,*,*,*,*
박순성,,,,NNP,*,T,박순성,*,*,*,*,*
박승희,,,,NNP,*,F,박승희,*,*,*,*,*
박연주,,,,NNP,*,F,박연주,*,*,*,*,*
박영미,,,,NNP,*,F,박영미,*,*,*,*,*
박영환,,,,NNP,*,T,박영환,*,*,*,*,*
박예리,,,,NNP,*,F,박예리,*,*,*,*,*
박예슬,,,,NNP,*,T,박예슬,*,*,*,*,*
박예진,,,,NNP,*,T,박예진,*,*,*,*,*
박용기,,,,NNP,*,F,박용기,*,*,*,*,*
박용운,,,,NNP,*,T,박용운,*,*,*,*,*
박원지,,,,NNP,*,F,박원지,*,*,*,*,*
박유진,,,,NNP,*,T,박유진,*,*,*,*,*
박유헌,,,,NNP,*,T,박유헌,*,*,*,*,*
박윤희,,,,NNP,*,F,박윤희,*,*,*,*,*
박은섭,,,,NNP,*,T,박은섭,*,*,*,*,*
박은찬,,,,NNP,*,T,박은찬,*,*,*,*,*
박은희,,,,NNP,*,F,박은희,*,*,*,*,*
박인석,,,,NNP,*,T,박인석,*,*,*,*,*
박인성,,,,NNP,*,T,박인성,*,*,*,*,*
박재성,,,,NNP,*,T,박재성,*,*,*,*,*
박재완,,,,NNP,*,T,박재완,*,*,*,*,*
박재현,,,,NNP,*,T,박재현,*,*,*,*,*
박정동,,,,NNP,*,T,박정동,*,*,*,*,*
박정애,,,,NNP,*,F,박정애,*,*,*,*,*
박정훈,,,,NNP,*,T,박정훈,*,*,*,*,*
박종배,,,,NNP,*,F,박종배,*,*,*,*,*
박종일,,,,NNP,*,T,박종일,*,*,*,*,*
박종진,,,,NNP,*,T,박종진,*,*,*,*,*
박종호,,,,NNP,*,F,박종호,*,*,*,*,*
박종희,,,,NNP,*,F,박종희,*,*,*,*,*
박주현,,,,NNP,*,T,박주현,*,*,*,*,*
박준민,,,,NNP,*,T,박준민,*,*,*,*,*
박준영,,,,NNP,*,T,박준영,*,*,*,*,*
박지원,,,,NNP,*,T,박지원,*,*,*,*,*
박지은,,,,NNP,*,T,박지은,*,*,*,*,*
박지혜,,,,NNP,*,F,박지혜,*,*,*,*,*
박지회,,,,NNP,*,F,박지회,*,*,*,*,*
박진만,,,,NNP,*,F,박진만,*,*,*,*,*
박진수,,,,NNP,*,T,박진수,*,*,*,*,*
박진영,,,,NNP,*,T,박진영,*,*,*,*,*
박진호,,,,NNP,*,F,박진호,*,*,*,*,*
박진희,,,,NNP,*,F,박진희,*,*,*,*,*
박찬규,,,,NNP,*,T,박찬규,*,*,*,*,*
박채아,,,,NNP,*,F,박채아,*,*,*,*,*
박채훈,,,,NNP,*,T,박채훈,*,*,*,*,*
박채희,,,,NNP,*,F,박채희,*,*,*,*,*
박철영,,,,NNP,*,T,박철영,*,*,*,*,*
박청규,,,,NNP,*,F,박청규,*,*,*,*,*
박청환,,,,NNP,*,T,박청환,*,*,*,*,*
박청환(정덕),,,,NNP,*,T,박청환(정덕),*,*,*,*,*
박초연,,,,NNP,*,T,박초연,*,*,*,*,*
박필규,,,,NNP,*,F,박필규,*,*,*,*,*
박하진,,,,NNP,*,T,박하진,*,*,*,*,*
박한슬,,,,NNP,*,T,박한슬,*,*,*,*,*
박혁상,,,,NNP,*,T,박혁상,*,*,*,*,*
박혁주,,,,NNP,*,F,박혁주,*,*,*,*,*
박현민,,,,NNP,*,T,박현민,*,*,*,*,*
박현옥,,,,NNP,*,F,박현옥,*,*,*,*,*
박현우,,,,NNP,*,F,박현우,*,*,*,*,*
박현재,,,,NNP,*,F,박현재,*,*,*,*,*
박현주,,,,NNP,*,F,박현주,*,*,*,*,*
박현창,,,,NNP,*,T,박현창,*,*,*,*,*
박현태,,,,NNP,*,F,박현태,*,*,*,*,*
박형준,,,,NNP,*,T,박형준,*,*,*,*,*
박혜연,,,,NNP,*,T,박혜연,*,*,*,*,*
박혜인,,,,NNP,*,T,박혜인,*,*,*,*,*
박훈선,,,,NNP,*,T,박훈선,*,*,*,*,*
방세윤,,,,NNP,*,T,방세윤,*,*,*,*,*
방중혁,,,,NNP,*,T,방중혁,*,*,*,*,*
배건우,,,,NNP,*,F,배건우,*,*,*,*,*
배광근,,,,NNP,*,T,배광근,*,*,*,*,*
배광빈,,,,NNP,*,T,배광빈,*,*,*,*,*
배병준,,,,NNP,*,T,배병준,*,*,*,*,*
배용규,,,,NNP,*,F,배용규,*,*,*,*,*
배일렌,,,,NNP,*,T,배일렌,*,*,*,*,*
백보람,,,,NNP,*,T,백보람,*,*,*,*,*
백순욱,,,,NNP,*,T,백순욱,*,*,*,*,*
백승규,,,,NNP,*,F,백승규,*,*,*,*,*
백용운,,,,NNP,*,F,백용운,*,*,*,*,*
백진순,,,,NNP,*,T,백진순,*,*,*,*,*
베리 웰시,,,,NNP,*,F,베리 웰시,*,*,*,*,*
벤윌리스,,,,NNP,*,F,벤윌리스,*,*,*,*,*
벤자민야손,,,,NNP,*,T,벤자민야손,*,*,*,*,*
변민우,,,,NNP,*,F,변민우,*,*,*,*,*
변상진,,,,NNP,*,T,변상진,*,*,*,*,*
변승재,,,,NNP,*,F,변승재,*,*,*,*,*
변예림,,,,NNP,*,T,변예림,*,*,*,*,*
변웅기,,,,NNP,*,F,변웅기,*,*,*,*,*
변재덕,,,,NNP,*,T,변재덕,*,*,*,*,*
변종필,,,,NNP,*,T,변종필,*,*,*,*,*
변지훈,,,,NNP,*,T,변지훈,*,*,*,*,*
변현정,,,,NNP,*,T,변현정,*,*,*,*,*
변희연,,,,NNP,*,T,변희연,*,*,*,*,*
보니에커피점,,,,NNP,*,T,보니에커피점,*,*,*,*,*
봉일원,,,,NNP,*,T,봉일원,*,*,*,*,*
부주영,,,,NNP,*,T,부주영,*,*,*,*,*
브라이언오라스,,,,NNP,*,F,브라이언오라스,*,*,*,*,*
브라이언킨,,,,NNP,*,T,브라이언킨,*,*,*,*,*
비벡바지파이,,,,NNP,*,F,비벡바지파이,*,*,*,*,*
빌리언,,,,NNP,*,T,빌리언,*,*,*,*,*
사무엘맥도널드,,,,NNP,*,F,사무엘맥도널드,*,*,*,*,*
사무엘오스틴,,,,NNP,*,T,사무엘오스틴,*,*,*,*,*
사우랍싱,,,,NNP,*,T,사우랍싱,*,*,*,*,*
산토시,,,,NNP,*,F,산토시,*,*,*,*,*
상록원매점,,,,NNP,*,T,상록원매점,*,*,*,*,*
상록원학생식당,,,,NNP,*,T,상록원학생식당,*,*,*,*,*
상카르,,,,NNP,*,F,상카르,*,*,*,*,*
샤르마바라트,,,,NNP,*,F,샤르마바라트,*,*,*,*,*
샤자드 아시프,,,,NNP,*,F,샤자드 아시프,*,*,*,*,*
서경민,,,,NNP,*,T,서경민,*,*,*,*,*
서계원,,,,NNP,*,T,서계원,*,*,*,*,*
서광익,,,,NNP,*,T,서광익,*,*,*,*,*
서대성,,,,NNP,*,T,서대성,*,*,*,*,*
서대연,,,,NNP,*,T,서대연,*,*,*,*,*
서민교,,,,NNP,*,F,서민교,*,*,*,*,*
서수정,,,,NNP,*,T,서수정,*,*,*,*,*
서영권,,,,NNP,*,T,서영권,*,*,*,*,*
서영록,,,,NNP,*,T,서영록,*,*,*,*,*
서영완,,,,NNP,*,T,서영완,*,*,*,*,*
서왕모,,,,NNP,*,F,서왕모,*,*,*,*,*
서용윤,,,,NNP,*,T,서용윤,*,*,*,*,*
서은숙,,,,NNP,*,T,서은숙,*,*,*,*,*
서은혜,,,,NNP,*,F,서은혜,*,*,*,*,*
서인렬,,,,NNP,*,T,서인렬,*,*,*,*,*
서인범,,,,NNP,*,T,서인범,*,*,*,*,*
서인석,,,,NNP,*,T,서인석,*,*,*,*,*
서태근,,,,NNP,*,T,서태근,*,*,*,*,*
서희원,,,,NNP,*,T,서희원,*,*,*,*,*
선수식당,,,,NNP,*,T,선수식당,*,*,*,*,*
설리반,,,,NNP,*,T,설리반,*,*,*,*,*
성관제,,,,NNP,*,F,성관제,*,*,*,*,*
성상현,,,,NNP,*,T,성상현,*,*,*,*,*
성승원,,,,NNP,*,T,성승원,*,*,*,*,*
성연식,,,,NNP,*,T,성연식,*,*,*,*,*
성정석,,,,NNP,*,T,성정석,*,*,*,*,*
성창수,,,,NNP,*,F,성창수,*,*,*,*,*
션커멘,,,,NNP,*,T,션커멘,*,*,*,*,*
소컴켕,,,,NNP,*,T,소컴켕,*,*,*,*,*
손민경,,,,NNP,*,T,손민경,*,*,*,*,*
손상일,,,,NNP,*,T,손상일,*,*,*,*,*
손영두,,,,NNP,*,F,손영두,*,*,*,*,*
손윤,,,,NNP,*,T,손윤,*,*,*,*,*
손유리,,,,NNP,*,F,손유리,*,*,*,*,*
손윤락,,,,NNP,*,T,손윤락,*,*,*,*,*
손윤식,,,,NNP,*,T,손윤식,*,*,*,*,*
손인수,,,,NNP,*,F,손인수,*,*,*,*,*
손재현,,,,NNP,*,T,손재현,*,*,*,*,*
손정민,,,,NNP,*,T,손정민,*,*,*,*,*
손정인,,,,NNP,*,T,손정인,*,*,*,*,*
손진,,,,NNP,*,T,손진,*,*,*,*,*
손향구,,,,NNP,*,F,손향구,*,*,*,*,*
손흥기,,,,NNP,*,F,손흥기,*,*,*,*,*
송경환,,,,NNP,*,T,송경환,*,*,*,*,*
송규인,,,,NNP,*,T,송규인,*,*,*,*,*
송두영,,,,NNP,*,T,송두영,*,*,*,*,*
송명호,,,,NNP,*,F,송명호,*,*,*,*,*
송민규,,,,NNP,*,F,송민규,*,*,*,*,*
송민수,,,,NNP,*,F,송민수,*,*,*,*,*
송민정,,,,NNP,*,T,송민정,*,*,*,*,*
송백훈,,,,NNP,*,T,송백훈,*,*,*,*,*
송병호,,,,NNP,*,T,송병호,*,*,*,*,*
송병훈,,,,NNP,*,T,송병훈,*,*,*,*,*
송수미,,,,NNP,*,F,송수미,*,*,*,*,*
송영숙,,,,NNP,*,T,송영숙,*,*,*,*,*
송윤석,,,,NNP,*,T,송윤석,*,*,*,*,*
송일호,,,,NNP,*,F,송일호,*,*,*,*,*
송정현,,,,NNP,*,T,송정현,*,*,*,*,*
송종원,,,,NNP,*,T,송종원,*,*,*,*,*
송지훈,,,,NNP,*,T,송지훈,*,*,*,*,*
송한나,,,,NNP,*,F,송한나,*,*,*,*,*
송희경,,,,NNP,*,T,송희경,*,*,*,*,*
솥앤누들,,,,NNP,*,F,솥앤누들,*,*,*,*,*
수렌드라,,,,NNP,*,F,수렌드라,*,*,*,*,*
스리비자야,,,,NNP,*,F,스리비자야,*,*,*,*,*
스와티,,,,NNP,*,F,스와티,*,*,*,*,*
스티븐쿤스,,,,NNP,*,F,스티븐쿤스,*,*,*,*,*
시타라마라주,,,,NNP,*,F,시타라마라주,*,*,*,*,*
신나민,,,,NNP,*,T,신나민,*,*,*,*,*
신동수,,,,NNP,*,F,신동수,*,*,*,*,*
신동주,,,,NNP,*,F,신동주,*,*,*,*,*
신명호,,,,NNP,*,F,신명호,*,*,*,*,*
신명효,,,,NNP,*,F,신명효,*,*,*,*,*
신병수,,,,NNP,*,F,신병수,*,*,*,*,*
신상훈,,,,NNP,*,T,신상훈,*,*,*,*,*
신성현,,,,NNP,*,T,신성현,*,*,*,*,*
신연순,,,,NNP,*,T,신연순,*,*,*,*,*
신영섭,,,,NNP,*,T,신영섭,*,*,*,*,*
신영은,,,,NNP,*,T,신영은,*,*,*,*,*
신영주,,,,NNP,*,F,신영주,*,*,*,*,*
신영철,,,,NNP,*,T,신영철,*,*,*,*,*
신예지,,,,NNP,*,F,신예지,*,*,*,*,*
신은정,,,,NNP,*,T,신은정,*,*,*,*,*
신인수,,,,NNP,*,F,신인수,*,*,*,*,*
신정아,,,,NNP,*,F,신정아,*,*,*,*,*
신하균,,,,NNP,*,T,신하균,*,*,*,*,*
신한승,,,,NNP,*,T,신한승,*,*,*,*,*
신헤원,,,,NNP,*,T,신헤원,*,*,*,*,*
신혜린,,,,NNP,*,T,신혜린,*,*,*,*,*
신혜원,,,,NNP,*,T,신혜원,*,*,*,*,*
신혜정,,,,NNP,*,T,신혜정,*,*,*,*,*
심관식,,,,NNP,*,T,심관식,*,*,*,*,*
심규연,,,,NNP,*,T,심규연,*,*,*,*,*
심규혜,,,,NNP,*,F,심규혜,*,*,*,*,*
심민석,,,,NNP,*,T,심민석,*,*,*,*,*
심영진,,,,NNP,*,T,심영진,*,*,*,*,*
심용식,,,,NNP,*,T,심용식,*,*,*,*,*
심인보,,,,NNP,*,F,심인보,*,*,*,*,*
심재성,,,,NNP,*,T,심재성,*,*,*,*,*
심종섭,,,,NNP,*,T,심종섭,*,*,*,*,*
심지원,,,,NNP,*,T,심지원,*,*,*,*,*
심지은,,,,NNP,*,T,심지은,*,*,*,*,*
심춘수,,,,NNP,*,F,심춘수,*,*,*,*,*
심태은,,,,NNP,*,T,심태은,*,*,*,*,*
심현준,,,,NNP,*,T,심현준,*,*,*,*,*
쎄리오,,,,NNP,*,F,쎄리오,*,*,*,*,*
아리수북카페,,,,NNP,*,F,아리수북카페,*,*,*,*,*
아메드,,,,NNP,*,F,아메드,*,*,*,*,*
아부탈하아낄아흐메드,,,,NNP,*,F,아부탈하아낄아흐메드,*,*,*,*,*
아시프칸,,,,NNP,*,T,아시프칸,*,*,*,*,*
아이잔,,,,NNP,*,T,아이잔,*,*,*,*,*
아지나라얀싱,,,,NNP,*,T,아지나라얀싱,*,*,*,*,*
아타누자나,,,,NNP,*,F,아타누자나,*,*,*,*,*
안국필,,,,NNP,*,T,안국필,*,*,*,*,*
안국화,,,,NNP,*,F,안국화,*,*,*,*,*
안기환,,,,NNP,*,T,안기환,*,*,*,*,*
안동수,,,,NNP,*,F,안동수,*,*,*,*,*
안명선,,,,NNP,*,F,안명선,*,*,*,*,*
안선신,,,,NNP,*,F,안선신,*,*,*,*,*
안유진,,,,NNP,*,F,안유진,*,*,*,*,*
안일호,,,,NNP,*,F,안일호,*,*,*,*,*
안재섭,,,,NNP,*,F,안재섭,*,*,*,*,*
안재욱,,,,NNP,*,F,안재욱,*,*,*,*,*
안젤라로솔로,,,,NNP,*,F,안젤라로솔로,*,*,*,*,*
안종석,,,,NNP,*,F,안종석,*,*,*,*,*
안지현,,,,NNP,*,F,안지현,*,*,*,*,*
안태모,,,,NNP,*,F,안태모,*,*,*,*,*
안형택,,,,NNP,*,T,안형택,*,*,*,*,*
안혜숙,,,,NNP,*,T,안혜숙,*,*,*,*,*
안혜영,,,,NNP,*,T,안혜영,*,*,*,*,*
안홍민,,,,NNP,*,T,안홍민,*,*,*,*,*
안홍선,,,,NNP,*,T,안홍선,*,*,*,*,*
안홍엽,,,,NNP,*,T,안홍엽,*,*,*,*,*
안효연,,,,NNP,*,T,안효연,*,*,*,*,*
안희철,,,,NNP,*,T,안희철,*,*,*,*,*
알렉스,,,,NNP,*,F,알렉스,*,*,*,*,*
알리로한,,,,NNP,*,T,알리로한,*,*,*,*,*
알사란,,,,NNP,*,T,알사란,*,*,*,*,*
야마구치테츠오,,,,NNP,*,F,야마구치테츠오,*,*,*,*,*
양기주,,,,NNP,*,F,양기주,*,*,*,*,*
양동훈,,,,NNP,*,T,양동훈,*,*,*,*,*
양병윤,,,,NNP,*,T,양병윤,*,*,*,*,*
양성웅,,,,NNP,*,T,양성웅,*,*,*,*,*
양승목,,,,NNP,*,T,양승목,*,*,*,*,*
양승훈,,,,NNP,*,T,양승훈,*,*,*,*,*
양우철,,,,NNP,*,T,양우철,*,*,*,*,*
양유정,,,,NNP,*,T,양유정,*,*,*,*,*
양윤경,,,,NNP,*,T,양윤경,*,*,*,*,*
양윤정,,,,NNP,*,T,양윤정,*,*,*,*,*
양윤호,,,,NNP,*,F,양윤호,*,*,*,*,*
양인호,,,,NNP,*,F,양인호,*,*,*,*,*
양준영,,,,NNP,*,T,양준영,*,*,*,*,*
양특영,,,,NNP,*,T,양특영,*,*,*,*,*
양홍석,,,,NNP,*,T,양홍석,*,*,*,*,*
엄기범,,,,NNP,*,T,엄기범,*,*,*,*,*
엄보영,,,,NNP,*,T,엄보영,*,*,*,*,*
엄진영,,,,NNP,*,T,엄진영,*,*,*,*,*
에드아르도,,,,NNP,*,F,에드아르도,*,*,*,*,*
에린오카모토,,,,NNP,*,F,에린오카모토,*,*,*,*,*
에이미우,,,,NNP,*,F,에이미우,*,*,*,*,*
여승호,,,,NNP,*,F,여승호,*,*,*,*,*
여인형,,,,NNP,*,T,여인형,*,*,*,*,*
여재용,,,,NNP,*,T,여재용,*,*,*,*,*
여준상,,,,NNP,*,T,여준상,*,*,*,*,*
염경근,,,,NNP,*,T,염경근,*,*,*,*,*
염세경,,,,NNP,*,T,염세경,*,*,*,*,*
오경후,,,,NNP,*,F,오경후,*,*,*,*,*
오명지,,,,NNP,*,F,오명지,*,*,*,*,*
오문석,,,,NNP,*,F,오문석,*,*,*,*,*
오문택,,,,NNP,*,F,오문택,*,*,*,*,*
오미영,,,,NNP,*,F,오미영,*,*,*,*,*
오병욱,,,,NNP,*,F,오병욱,*,*,*,*,*
오빛나,,,,NNP,*,F,오빛나,*,*,*,*,*
오석주,,,,NNP,*,F,오석주,*,*,*,*,*
오승택,,,,NNP,*,T,오승택,*,*,*,*,*
오승훈,,,,NNP,*,T,오승훈,*,*,*,*,*
오영민,,,,NNP,*,T,오영민,*,*,*,*,*
오정식,,,,NNP,*,T,오정식,*,*,*,*,*
오제민,,,,NNP,*,T,오제민,*,*,*,*,*
오충현,,,,NNP,*,T,오충현,*,*,*,*,*
오태석,,,,NNP,*,T,오태석,*,*,*,*,*
오흥명,,,,NNP,*,T,오흥명,*,*,*,*,*
오희경,,,,NNP,*,T,오희경,*,*,*,*,*
옥가은,,,,NNP,*,T,옥가은,*,*,*,*,*
왕윤선,,,,NNP,*,T,왕윤선,*,*,*,*,*
왕희승,,,,NNP,*,T,왕희승,*,*,*,*,*
우재현,,,,NNP,*,T,우재현,*,*,*,*,*
우정무,,,,NNP,*,F,우정무,*,*,*,*,*
우제선,,,,NNP,*,T,우제선,*,*,*,*,*
운화영,,,,NNP,*,T,운화영,*,*,*,*,*
원기훈,,,,NNP,*,T,원기훈,*,*,*,*,*
원종욱,,,,NNP,*,T,원종욱,*,*,*,*,*
원충희,,,,NNP,*,F,원충희,*,*,*,*,*
원치선,,,,NNP,*,T,원치선,*,*,*,*,*
웬득안,,,,NNP,*,T,웬득안,*,*,*,*,*
위희정,,,,NNP,*,T,위희정,*,*,*,*,*
윌리엄 컬른,,,,NNP,*,T,윌리엄 컬른,*,*,*,*,*
유계성,,,,NNP,*,T,유계성,*,*,*,*,*
유민형,,,,NNP,*,T,유민형,*,*,*,*,*
유변성,,,,NNP,*,T,유변성,*,*,*,*,*
유병승,,,,NNP,*,T,유병승,*,*,*,*,*
유삼현,,,,NNP,*,T,유삼현,*,*,*,*,*
유석천,,,,NNP,*,T,유석천,*,*,*,*,*
유성진,,,,NNP,*,T,유성진,*,*,*,*,*
유소리,,,,NNP,*,F,유소리,*,*,*,*,*
유소진,,,,NNP,*,T,유소진,*,*,*,*,*
유승룡,,,,NNP,*,T,유승룡,*,*,*,*,*
유정희,,,,NNP,*,F,유정희,*,*,*,*,*
유제광,,,,NNP,*,T,유제광,*,*,*,*,*
유준경,,,,NNP,*,T,유준경,*,*,*,*,*
유진,,,,NNP,*,T,유진,*,*,*,*,*
유지나,,,,NNP,*,F,유지나,*,*,*,*,*
유지혜,,,,NNP,*,F,유지혜,*,*,*,*,*
유진경,,,,NNP,*,T,유진경,*,*,*,*,*
유진영,,,,NNP,*,T,유진영,*,*,*,*,*
유창조,,,,NNP,*,T,유창조,*,*,*,*,*
유한림,,,,NNP,*,T,유한림,*,*,*,*,*
유흔우,,,,NNP,*,F,유흔우,*,*,*,*,*
윤경선,,,,NNP,*,T,윤경선,*,*,*,*,*
윤병운,,,,NNP,*,T,윤병운,*,*,*,*,*
윤병하,,,,NNP,*,F,윤병하,*,*,*,*,*
윤선중,,,,NNP,*,T,윤선중,*,*,*,*,*
윤선태,,,,NNP,*,F,윤선태,*,*,*,*,*
윤성이,,,,NNP,*,F,윤성이,*,*,*,*,*
윤성훈,,,,NNP,*,T,윤성훈,*,*,*,*,*
윤승헌,,,,NNP,*,T,윤승헌,*,*,*,*,*
윤승현,,,,NNP,*,T,윤승현,*,*,*,*,*
윤신영,,,,NNP,*,T,윤신영,*,*,*,*,*
윤여원,,,,NNP,*,T,윤여원,*,*,*,*,*
윤영도,,,,NNP,*,F,윤영도,*,*,*,*,*
윤의선,,,,NNP,*,T,윤의선,*,*,*,*,*
윤재웅,,,,NNP,*,T,윤재웅,*,*,*,*,*
윤정서,,,,NNP,*,F,윤정서,*,*,*,*,*
윤정욱,,,,NNP,*,T,윤정욱,*,*,*,*,*
윤정은,,,,NNP,*,T,윤정은,*,*,*,*,*
윤종필,,,,NNP,*,T,윤종필,*,*,*,*,*
윤지원,,,,NNP,*,T,윤지원,*,*,*,*,*
윤지훈,,,,NNP,*,T,윤지훈,*,*,*,*,*
윤초희,,,,NNP,*,F,윤초희,*,*,*,*,*
윤혁기,,,,NNP,*,F,윤혁기,*,*,*,*,*
윤화영,,,,NNP,*,T,윤화영,*,*,*,*,*
윤화평,,,,NNP,*,T,윤화평,*,*,*,*,*
윤흥기,,,,NNP,*,F,윤흥기,*,*,*,*,*
은서우,,,,NNP,*,F,은서우,*,*,*,*,*
이 철,,,,NNP,*,T,이 철,*,*,*,*,*
이철,,,,NNP,*,T,이철,*,*,*,*,*
이가영,,,,NNP,*,T,이가영,*,*,*,*,*
이강만,,,,NNP,*,T,이강만,*,*,*,*,*
이강석,,,,NNP,*,T,이강석,*,*,*,*,*
이강우,,,,NNP,*,F,이강우,*,*,*,*,*
이강준,,,,NNP,*,T,이강준,*,*,*,*,*
이건배,,,,NNP,*,F,이건배,*,*,*,*,*
이건열,,,,NNP,*,T,이건열,*,*,*,*,*
이건욱,,,,NNP,*,T,이건욱,*,*,*,*,*
이건준,,,,NNP,*,T,이건준,*,*,*,*,*
이경,,,,NNP,*,T,이경,*,*,*,*,*
이경원,,,,NNP,*,T,이경원,*,*,*,*,*
이경재,,,,NNP,*,F,이경재,*,*,*,*,*
이경철,,,,NNP,*,T,이경철,*,*,*,*,*
이고은,,,,NNP,*,T,이고은,*,*,*,*,*
이관제,,,,NNP,*,F,이관제,*,*,*,*,*
이광근,,,,NNP,*,T,이광근,*,*,*,*,*
이광우,,,,NNP,*,F,이광우,*,*,*,*,*
이광휘,,,,NNP,*,F,이광휘,*,*,*,*,*
이권학,,,,NNP,*,T,이권학,*,*,*,*,*
이기송,,,,NNP,*,T,이기송,*,*,*,*,*
이기운,,,,NNP,*,T,이기운,*,*,*,*,*
이나현,,,,NNP,*,T,이나현,*,*,*,*,*
이다혜,,,,NNP,*,F,이다혜,*,*,*,*,*
이대진,,,,NNP,*,T,이대진,*,*,*,*,*
이대형,,,,NNP,*,T,이대형,*,*,*,*,*
이대훈,,,,NNP,*,T,이대훈,*,*,*,*,*
이대희,,,,NNP,*,F,이대희,*,*,*,*,*
이덕복,,,,NNP,*,T,이덕복,*,*,*,*,*
이도형,,,,NNP,*,T,이도형,*,*,*,*,*
이동욱,,,,NNP,*,T,이동욱,*,*,*,*,*
이동진,,,,NNP,*,T,이동진,*,*,*,*,*
이동훈,,,,NNP,*,T,이동훈,*,*,*,*,*
이명식,,,,NNP,*,T,이명식,*,*,*,*,*
이명자,,,,NNP,*,F,이명자,*,*,*,*,*
이명천,,,,NNP,*,T,이명천,*,*,*,*,*
이무열,,,,NNP,*,T,이무열,*,*,*,*,*
이미선,,,,NNP,*,T,이미선,*,*,*,*,*
이미정,,,,NNP,*,T,이미정,*,*,*,*,*
이민기,,,,NNP,*,F,이민기,*,*,*,*,*
이민영,,,,NNP,*,T,이민영,*,*,*,*,*
이민혁,,,,NNP,*,T,이민혁,*,*,*,*,*
이민호,,,,NNP,*,F,이민호,*,*,*,*,*
이병권,,,,NNP,*,T,이병권,*,*,*,*,*
이병렬,,,,NNP,*,T,이병렬,*,*,*,*,*
이병무,,,,NNP,*,F,이병무,*,*,*,*,*
이병재,,,,NNP,*,F,이병재,*,*,*,*,*
이병철,,,,NNP,*,T,이병철,*,*,*,*,*
이브라힘,,,,NNP,*,T,이브라힘,*,*,*,*,*
이비안,,,,NNP,*,T,이비안,*,*,*,*,*
이상룡,,,,NNP,*,T,이상룡,*,*,*,*,*
이상민,,,,NNP,*,T,이상민,*,*,*,*,*
이상영,,,,NNP,*,T,이상영,*,*,*,*,*
이상용,,,,NNP,*,T,이상용,*,*,*,*,*
이상일,,,,NNP,*,T,이상일,*,*,*,*,*
이상진,,,,NNP,*,T,이상진,*,*,*,*,*
이상철,,,,NNP,*,T,이상철,*,*,*,*,*
이상현,,,,NNP,*,T,이상현,*,*,*,*,*
이상호,,,,NNP,*,F,이상호,*,*,*,*,*
이석주,,,,NNP,*,F,이석주,*,*,*,*,*
이석환,,,,NNP,*,T,이석환,*,*,*,*,*
이석희,,,,NNP,*,F,이석희,*,*,*,*,*
이선영,,,,NNP,*,T,이선영,*,*,*,*,*
이선화,,,,NNP,*,F,이선화,*,*,*,*,*
이성근,,,,NNP,*,T,이성근,*,*,*,*,*
이세연,,,,NNP,*,T,이세연,*,*,*,*,*
이세용,,,,NNP,*,T,이세용,*,*,*,*,*
이세준,,,,NNP,*,T,이세준,*,*,*,*,*
이소담,,,,NNP,*,T,이소담,*,*,*,*,*
이소정,,,,NNP,*,T,이소정,*,*,*,*,*
이송이,,,,NNP,*,F,이송이,*,*,*,*,*
이수경,,,,NNP,*,T,이수경,*,*,*,*,*
이수빈,,,,NNP,*,T,이수빈,*,*,*,*,*
이수연,,,,NNP,*,T,이수연,*,*,*,*,*
이수영,,,,NNP,*,T,이수영,*,*,*,*,*
이수예,,,,NNP,*,F,이수예,*,*,*,*,*
이수현,,,,NNP,*,T,이수현,*,*,*,*,*
이수호,,,,NNP,*,F,이수호,*,*,*,*,*
이수홍,,,,NNP,*,T,이수홍,*,*,*,*,*
이스마일 무하마드,,,,NNP,*,F,이스마일 무하마드,*,*,*,*,*
이승민,,,,NNP,*,T,이승민,*,*,*,*,*
이승봉,,,,NNP,*,T,이승봉,*,*,*,*,*
이승재,,,,NNP,*,F,이승재,*,*,*,*,*
이승주,,,,NNP,*,F,이승주,*,*,*,*,*
이승준,,,,NNP,*,T,이승준,*,*,*,*,*
이승철,,,,NNP,*,T,이승철,*,*,*,*,*
이시은,,,,NNP,*,T,이시은,*,*,*,*,*
이심열,,,,NNP,*,T,이심열,*,*,*,*,*
이연주,,,,NNP,*,F,이연주,*,*,*,*,*
이영면,,,,NNP,*,T,이영면,*,*,*,*,*
이영민,,,,NNP,*,T,이영민,*,*,*,*,*
이영섭,,,,NNP,*,T,이영섭,*,*,*,*,*
이영세,,,,NNP,*,F,이영세,*,*,*,*,*
이영숙,,,,NNP,*,T,이영숙,*,*,*,*,*
이영재,,,,NNP,*,F,이영재,*,*,*,*,*
이예림,,,,NNP,*,T,이예림,*,*,*,*,*
이예원,,,,NNP,*,T,이예원,*,*,*,*,*
이완희,,,,NNP,*,F,이완희,*,*,*,*,*
이용규,,,,NNP,*,T,이용규,*,*,*,*,*
이용중,,,,NNP,*,T,이용중,*,*,*,*,*
이용택,,,,NNP,*,T,이용택,*,*,*,*,*
이우영,,,,NNP,*,T,이우영,*,*,*,*,*
이우진,,,,NNP,*,T,이우진,*,*,*,*,*
이욱호,,,,NNP,*,T,이욱호,*,*,*,*,*
이운미,,,,NNP,*,F,이운미,*,*,*,*,*
이원덕,,,,NNP,*,T,이원덕,*,*,*,*,*
이원석,,,,NNP,*,T,이원석,*,*,*,*,*
이유기,,,,NNP,*,F,이유기,*,*,*,*,*
이유주,,,,NNP,*,F,이유주,*,*,*,*,*
이유진,,,,NNP,*,T,이유진,*,*,*,*,*
이윤배,,,,NNP,*,F,이윤배,*,*,*,*,*
이윤석,,,,NNP,*,T,이윤석,*,*,*,*,*
이윤선,,,,NNP,*,T,이윤선,*,*,*,*,*
이윤주,,,,NNP,*,F,이윤주,*,*,*,*,*
이윤혜,,,,NNP,*,F,이윤혜,*,*,*,*,*
이은경,,,,NNP,*,T,이은경,*,*,*,*,*
이은영,,,,NNP,*,T,이은영,*,*,*,*,*
이은정,,,,NNP,*,T,이은정,*,*,*,*,*
이은화,,,,NNP,*,F,이은화,*,*,*,*,*
이의수,,,,NNP,*,F,이의수,*,*,*,*,*
이인희,,,,NNP,*,F,이인희,*,*,*,*,*
이자랑,,,,NNP,*,T,이자랑,*,*,*,*,*
이장욱,,,,NNP,*,T,이장욱,*,*,*,*,*
이재령,,,,NNP,*,T,이재령,*,*,*,*,*
이재명,,,,NNP,*,T,이재명,*,*,*,*,*
이재섭,,,,NNP,*,T,이재섭,*,*,*,*,*
이재수,,,,NNP,*,F,이재수,*,*,*,*,*
이재안,,,,NNP,*,T,이재안,*,*,*,*,*
이재영,,,,NNP,*,T,이재영,*,*,*,*,*
이재우,,,,NNP,*,F,이재우,*,*,*,*,*
이재욱,,,,NNP,*,T,이재욱,*,*,*,*,*
이재원,,,,NNP,*,T,이재원,*,*,*,*,*
이재준,,,,NNP,*,T,이재준,*,*,*,*,*
이재철,,,,NNP,*,T,이재철,*,*,*,*,*
이재호,,,,NNP,*,F,이재호,*,*,*,*,*
이재화,,,,NNP,*,F,이재화,*,*,*,*,*
이재훈,,,,NNP,*,T,이재훈,*,*,*,*,*
이정근,,,,NNP,*,T,이정근,*,*,*,*,*
이정은,,,,NNP,*,T,이정은,*,*,*,*,*
이정택,,,,NNP,*,T,이정택,*,*,*,*,*
이제철,,,,NNP,*,T,이제철,*,*,*,*,*
이종대,,,,NNP,*,F,이종대,*,*,*,*,*
이종옥,,,,NNP,*,T,이종옥,*,*,*,*,*
이종태,,,,NNP,*,F,이종태,*,*,*,*,*
이주영,,,,NNP,*,T,이주영,*,*,*,*,*
이주원,,,,NNP,*,T,이주원,*,*,*,*,*
이주하,,,,NNP,*,F,이주하,*,*,*,*,*
이주현,,,,NNP,*,T,이주현,*,*,*,*,*
이준서,,,,NNP,*,F,이준서,*,*,*,*,*
이준영,,,,NNP,*,T,이준영,*,*,*,*,*
이중권,,,,NNP,*,T,이중권,*,*,*,*,*
이지민,,,,NNP,*,T,이지민,*,*,*,*,*
이지원,,,,NNP,*,T,이지원,*,*,*,*,*
이지혜,,,,NNP,*,F,이지혜,*,*,*,*,*
이지호,,,,NNP,*,F,이지호,*,*,*,*,*
이지희,,,,NNP,*,F,이지희,*,*,*,*,*
이진복,,,,NNP,*,T,이진복,*,*,*,*,*
이진선,,,,NNP,*,T,이진선,*,*,*,*,*
이진수,,,,NNP,*,F,이진수,*,*,*,*,*
이진영,,,,NNP,*,T,이진영,*,*,*,*,*
이창배,,,,NNP,*,F,이창배,*,*,*,*,*
이창영,,,,NNP,*,T,이창영,*,*,*,*,*
이창용,,,,NNP,*,T,이창용,*,*,*,*,*
이창한,,,,NNP,*,T,이창한,*,*,*,*,*
이창환,,,,NNP,*,T,이창환,*,*,*,*,*
이창훈,,,,NNP,*,T,이창훈,*,*,*,*,*
이채호,,,,NNP,*,F,이채호,*,*,*,*,*
이철한,,,,NNP,*,T,이철한,*,*,*,*,*
이충호,,,,NNP,*,F,이충호,*,*,*,*,*
이학노,,,,NNP,*,F,이학노,*,*,*,*,*
이한주,,,,NNP,*,F,이한주,*,*,*,*,*
이해님,,,,NNP,*,T,이해님,*,*,*,*,*
이혁준,,,,NNP,*,T,이혁준,*,*,*,*,*
이현봉,,,,NNP,*,T,이현봉,*,*,*,*,*
이현우,,,,NNP,*,F,이현우,*,*,*,*,*
이혜원,,,,NNP,*,T,이혜원,*,*,*,*,*
이혜인,,,,NNP,*,T,이혜인,*,*,*,*,*
이호규,,,,NNP,*,F,이호규,*,*,*,*,*
이호용,,,,NNP,*,T,이호용,*,*,*,*,*
이효민,,,,NNP,*,T,이효민,*,*,*,*,*
이효정,,,,NNP,*,T,이효정,*,*,*,*,*
이효진,,,,NNP,*,T,이효진,*,*,*,*,*
이훈,,,,NNP,*,T,이훈,*,*,*,*,*
이훈종,,,,NNP,*,T,이훈종,*,*,*,*,*
이희경,,,,NNP,*,T,이희경,*,*,*,*,*
일란체지얀,,,,NNP,*,T,일란체지얀,*,*,*,*,*
임경준,,,,NNP,*,T,임경준,*,*,*,*,*
임군일,,,,NNP,*,T,임군일,*,*,*,*,*
임규철,,,,NNP,*,T,임규철,*,*,*,*,*
임대운,,,,NNP,*,T,임대운,*,*,*,*,*
임미선,,,,NNP,*,T,임미선,*,*,*,*,*
임민중,,,,NNP,*,T,임민중,*,*,*,*,*
임봉준,,,,NNP,*,T,임봉준,*,*,*,*,*
임선기,,,,NNP,*,F,임선기,*,*,*,*,*
임선희,,,,NNP,*,F,임선희,*,*,*,*,*
임성묵,,,,NNP,*,T,임성묵,*,*,*,*,*
임소연,,,,NNP,*,T,임소연,*,*,*,*,*
임수경,,,,NNP,*,T,임수경,*,*,*,*,*
임수진,,,,NNP,*,T,임수진,*,*,*,*,*
임수철,,,,NNP,*,T,임수철,*,*,*,*,*
임영빈,,,,NNP,*,T,임영빈,*,*,*,*,*
임영애,,,,NNP,*,F,임영애,*,*,*,*,*
임영종,,,,NNP,*,T,임영종,*,*,*,*,*
임예지,,,,NNP,*,F,임예지,*,*,*,*,*
임원철,,,,NNP,*,T,임원철,*,*,*,*,*
임유진,,,,NNP,*,T,임유진,*,*,*,*,*
임윤서,,,,NNP,*,F,임윤서,*,*,*,*,*
임종빈,,,,NNP,*,T,임종빈,*,*,*,*,*
임종주,,,,NNP,*,F,임종주,*,*,*,*,*
임준태,,,,NNP,*,F,임준태,*,*,*,*,*
임중연,,,,NNP,*,T,임중연,*,*,*,*,*
임지한,,,,NNP,*,T,임지한,*,*,*,*,*
임진수,,,,NNP,*,F,임진수,*,*,*,*,*
임태준,,,,NNP,*,T,임태준,*,*,*,*,*
임현수,,,,NNP,*,F,임현수,*,*,*,*,*
임형석,,,,NNP,*,T,임형석,*,*,*,*,*
임홍석,,,,NNP,*,T,임홍석,*,*,*,*,*
임효영,,,,NNP,*,T,임효영,*,*,*,*,*
자광,,,,NNP,*,F,자광,*,*,*,*,*
자보 실비아,,,,NNP,*,F,자보 실비아,*,*,*,*,*
장기복,,,,NNP,*,T,장기복,*,*,*,*,*
장다솜,,,,NNP,*,T,장다솜,*,*,*,*,*
장동미,,,,NNP,*,F,장동미,*,*,*,*,*
장미란,,,,NNP,*,T,장미란,*,*,*,*,*
장상열,,,,NNP,*,T,장상열,*,*,*,*,*
장성은,,,,NNP,*,T,장성은,*,*,*,*,*
장소영,,,,NNP,*,T,장소영,*,*,*,*,*
장연수,,,,NNP,*,F,장연수,*,*,*,*,*
장연주,,,,NNP,*,F,장연주,*,*,*,*,*
장영우,,,,NNP,*,F,장영우,*,*,*,*,*
장원희,,,,NNP,*,T,장원희,*,*,*,*,*
장인준,,,,NNP,*,T,장인준,*,*,*,*,*
장재원,,,,NNP,*,T,장재원,*,*,*,*,*
장준호,,,,NNP,*,F,장준호,*,*,*,*,*
장지현,,,,NNP,*,T,장지현,*,*,*,*,*
장하용,,,,NNP,*,T,장하용,*,*,*,*,*
장혜령,,,,NNP,*,T,장혜령,*,*,*,*,*
장혜민,,,,NNP,*,T,장혜민,*,*,*,*,*
장환영,,,,NNP,*,T,장환영,*,*,*,*,*
장희정,,,,NNP,*,F,장희정,*,*,*,*,*
쟌아다마,,,,NNP,*,F,쟌아다마,*,*,*,*,*
저스틴라즈,,,,NNP,*,F,저스틴라즈,*,*,*,*,*
전경예,,,,NNP,*,F,전경예,*,*,*,*,*
전기연,,,,NNP,*,T,전기연,*,*,*,*,*
전누리,,,,NNP,*,F,전누리,*,*,*,*,*
전동녘,,,,NNP,*,T,전동녘,*,*,*,*,*
전미경,,,,NNP,*,T,전미경,*,*,*,*,*
전민정,,,,NNP,*,T,전민정,*,*,*,*,*
전병건,,,,NNP,*,T,전병건,*,*,*,*,*
전병훈,,,,NNP,*,T,전병훈,*,*,*,*,*
전성범,,,,NNP,*,T,전성범,*,*,*,*,*
전소희,,,,NNP,*,F,전소희,*,*,*,*,*
전수빈,,,,NNP,*,T,전수빈,*,*,*,*,*
전승우,,,,NNP,*,F,전승우,*,*,*,*,*
전영진,,,,NNP,*,T,전영진,*,*,*,*,*
전은경,,,,NNP,*,T,전은경,*,*,*,*,*
전주용,,,,NNP,*,T,전주용,*,*,*,*,*
전준현,,,,NNP,*,T,전준현,*,*,*,*,*
전진규,,,,NNP,*,F,전진규,*,*,*,*,*
전희창,,,,NNP,*,T,전희창,*,*,*,*,*
정경섭,,,,NNP,*,T,정경섭,*,*,*,*,*
정경훈,,,,NNP,*,T,정경훈,*,*,*,*,*
정광식,,,,NNP,*,T,정광식,*,*,*,*,*
정구혁,,,,NNP,*,T,정구혁,*,*,*,*,*
정권범,,,,NNP,*,T,정권범,*,*,*,*,*
정다미,,,,NNP,*,F,정다미,*,*,*,*,*
정달영,,,,NNP,*,T,정달영,*,*,*,*,*
정덕훈,,,,NNP,*,T,정덕훈,*,*,*,*,*
정동현,,,,NNP,*,T,정동현,*,*,*,*,*
정두원,,,,NNP,*,T,정두원,*,*,*,*,*
정두호,,,,NNP,*,F,정두호,*,*,*,*,*
정미영,,,,NNP,*,T,정미영,*,*,*,*,*
정병준,,,,NNP,*,T,정병준,*,*,*,*,*
정보경,,,,NNP,*,T,정보경,*,*,*,*,*
정상민,,,,NNP,*,T,정상민,*,*,*,*,*
정상훈,,,,NNP,*,T,정상훈,*,*,*,*,*
정서연,,,,NNP,*,T,정서연,*,*,*,*,*
정선영,,,,NNP,*,T,정선영,*,*,*,*,*
정선희,,,,NNP,*,F,정선희,*,*,*,*,*
정성우,,,,NNP,*,F,정성우,*,*,*,*,*
정성현,,,,NNP,*,T,정성현,*,*,*,*,*
정성훈,,,,NNP,*,T,정성훈,*,*,*,*,*
정세라,,,,NNP,*,F,정세라,*,*,*,*,*
정수영,,,,NNP,*,T,정수영,*,*,*,*,*
정수완,,,,NNP,*,T,정수완,*,*,*,*,*
정순희,,,,NNP,*,F,정순희,*,*,*,*,*
정승원,,,,NNP,*,T,정승원,*,*,*,*,*
정영식,,,,NNP,*,F,정영식,*,*,*,*,*
정영철,,,,NNP,*,T,정영철,*,*,*,*,*
정영희,,,,NNP,*,F,정영희,*,*,*,*,*
정옥자,,,,NNP,*,F,정옥자,*,*,*,*,*
정왕근,,,,NNP,*,T,정왕근,*,*,*,*,*
정용국,,,,NNP,*,T,정용국,*,*,*,*,*
정욱,,,,NNP,*,T,정욱,*,*,*,*,*
정웅,,,,NNP,*,T,정웅,*,*,*,*,*
정유림,,,,NNP,*,T,정유림,*,*,*,*,*
정유식,,,,NNP,*,T,정유식,*,*,*,*,*
정윤길,,,,NNP,*,T,정윤길,*,*,*,*,*
정이교,,,,NNP,*,F,정이교,*,*,*,*,*
정이담,,,,NNP,*,T,정이담,*,*,*,*,*
정인권,,,,NNP,*,T,정인권,*,*,*,*,*
정인자,,,,NNP,*,F,정인자,*,*,*,*,*
정재형,,,,NNP,*,T,정재형,*,*,*,*,*
정재훈,,,,NNP,*,T,정재훈,*,*,*,*,*
정정훈,,,,NNP,*,T,정정훈,*,*,*,*,*
정종섭,,,,NNP,*,T,정종섭,*,*,*,*,*
정종현,,,,NNP,*,T,정종현,*,*,*,*,*
정주영,,,,NNP,*,T,정주영,*,*,*,*,*
정주원,,,,NNP,*,T,정주원,*,*,*,*,*
정준호,,,,NNP,*,F,정준호,*,*,*,*,*
정진우,,,,NNP,*,F,정진우,*,*,*,*,*
정진욱,,,,NNP,*,T,정진욱,*,*,*,*,*
정진헌,,,,NNP,*,T,정진헌,*,*,*,*,*
정해성,,,,NNP,*,T,정해성,*,*,*,*,*
정헌열,,,,NNP,*,T,정헌열,*,*,*,*,*
정현,,,,NNP,*,T,정현,*,*,*,*,*
정현록,,,,NNP,*,T,정현록,*,*,*,*,*
정현미,,,,NNP,*,F,정현미,*,*,*,*,*
정현삼,,,,NNP,*,T,정현삼,*,*,*,*,*
정혜란,,,,NNP,*,T,정혜란,*,*,*,*,*
정혜린(진명),,,,NNP,*,T,정혜린(진명),*,*,*,*,*
정혜진,,,,NNP,*,T,정혜진,*,*,*,*,*
정환국,,,,NNP,*,T,정환국,*,*,*,*,*
정효진,,,,NNP,*,T,정효진,*,*,*,*,*
정희경,,,,NNP,*,T,정희경,*,*,*,*,*
제마,,,,NNP,*,F,제마,*,*,*,*,*
제이미멜린추크,,,,NNP,*,F,제이미멜린추크,*,*,*,*,*
제이미커크,,,,NNP,*,F,제이미커크,*,*,*,*,*
제임스 후퍼,,,,NNP,*,F,제임스 후퍼,*,*,*,*,*
제태규,,,,NNP,*,F,제태규,*,*,*,*,*
제프리조단,,,,NNP,*,T,제프리조단,*,*,*,*,*
제프벨리,,,,NNP,*,F,제프벨리,*,*,*,*,*
조경은,,,,NNP,*,T,조경은,*,*,*,*,*
조광희,,,,NNP,*,F,조광희,*,*,*,*,*
조기룡,,,,NNP,*,T,조기룡,*,*,*,*,*
조덕빈,,,,NNP,*,T,조덕빈,*,*,*,*,*
조덕영,,,,NNP,*,T,조덕영,*,*,*,*,*
조미향,,,,NNP,*,T,조미향,*,*,*,*,*
조범규,,,,NNP,*,F,조범규,*,*,*,*,*
조봉관,,,,NNP,*,T,조봉관,*,*,*,*,*
조봉연,,,,NNP,*,T,조봉연,*,*,*,*,*
조상식,,,,NNP,*,T,조상식,*,*,*,*,*
조상은,,,,NNP,*,T,조상은,*,*,*,*,*
조성근,,,,NNP,*,T,조성근,*,*,*,*,*
조성인,,,,NNP,*,T,조성인,*,*,*,*,*
조성혜,,,,NNP,*,F,조성혜,*,*,*,*,*
조성환,,,,NNP,*,T,조성환,*,*,*,*,*
조세환,,,,NNP,*,T,조세환,*,*,*,*,*
조수일,,,,NNP,*,T,조수일,*,*,*,*,*
조순식,,,,NNP,*,T,조순식,*,*,*,*,*
조시경,,,,NNP,*,T,조시경,*,*,*,*,*
조약돌,,,,NNP,*,T,조약돌,*,*,*,*,*
조영덕,,,,NNP,*,T,조영덕,*,*,*,*,*
조영미,,,,NNP,*,F,조영미,*,*,*,*,*
조영일,,,,NNP,*,T,조영일,*,*,*,*,*
조영진,,,,NNP,*,T,조영진,*,*,*,*,*
조예나,,,,NNP,*,F,조예나,*,*,*,*,*
조용신,,,,NNP,*,T,조용신,*,*,*,*,*
조우리,,,,NNP,*,F,조우리,*,*,*,*,*
조우영,,,,NNP,*,T,조우영,*,*,*,*,*
조원준,,,,NNP,*,T,조원준,*,*,*,*,*
조윤오,,,,NNP,*,F,조윤오,*,*,*,*,*
조윤호,,,,NNP,*,F,조윤호,*,*,*,*,*
조은경,,,,NNP,*,T,조은경,*,*,*,*,*
조은별,,,,NNP,*,T,조은별,*,*,*,*,*
조은혜,,,,NNP,*,F,조은혜,*,*,*,*,*
조의연,,,,NNP,*,T,조의연,*,*,*,*,*
조이슬,,,,NNP,*,T,조이슬,*,*,*,*,*
조인숙,,,,NNP,*,T,조인숙,*,*,*,*,*
조재휘,,,,NNP,*,F,조재휘,*,*,*,*,*
조정숙,,,,NNP,*,T,조정숙,*,*,*,*,*
조정식,,,,NNP,*,T,조정식,*,*,*,*,*
조제웅,,,,NNP,*,T,조제웅,*,*,*,*,*
조준희,,,,NNP,*,F,조준희,*,*,*,*,*
조찬미,,,,NNP,*,F,조찬미,*,*,*,*,*
조학동,,,,NNP,*,T,조학동,*,*,*,*,*
조현금,,,,NNP,*,T,조현금,*,*,*,*,*
조현빈,,,,NNP,*,T,조현빈,*,*,*,*,*
조현정,,,,NNP,*,T,조현정,*,*,*,*,*
조형오,,,,NNP,*,F,조형오,*,*,*,*,*
조혜민,,,,NNP,*,T,조혜민,*,*,*,*,*
조혜인,,,,NNP,*,T,조혜인,*,*,*,*,*
조훈영,,,,NNP,*,T,조훈영,*,*,*,*,*
주도양,,,,NNP,*,T,주도양,*,*,*,*,*
주미리,,,,NNP,*,F,주미리,*,*,*,*,*
주서현,,,,NNP,*,T,주서현,*,*,*,*,*
주성재,,,,NNP,*,F,주성재,*,*,*,*,*
주용성,,,,NNP,*,T,주용성,*,*,*,*,*
주종화,,,,NNP,*,F,주종화,*,*,*,*,*
주창범,,,,NNP,*,T,주창범,*,*,*,*,*
주해종,,,,NNP,*,T,주해종,*,*,*,*,*
주현석,,,,NNP,*,T,주현석,*,*,*,*,*
주현지,,,,NNP,*,F,주현지,*,*,*,*,*
지나한,,,,NNP,*,T,지나한,*,*,*,*,*
지인배,,,,NNP,*,F,지인배,*,*,*,*,*
지인엽,,,,NNP,*,T,지인엽,*,*,*,*,*
지정학,,,,NNP,*,T,지정학,*,*,*,*,*
지창규,,,,NNP,*,F,지창규,*,*,*,*,*
지현종,,,,NNP,*,T,지현종,*,*,*,*,*
진민아,,,,NNP,*,F,진민아,*,*,*,*,*
진재현,,,,NNP,*,T,진재현,*,*,*,*,*
진차범,,,,NNP,*,T,진차범,*,*,*,*,*
진혁진,,,,NNP,*,T,진혁진,*,*,*,*,*
차상원,,,,NNP,*,T,차상원,*,*,*,*,*
차소영,,,,NNP,*,T,차소영,*,*,*,*,*
차승재,,,,NNP,*,F,차승재,*,*,*,*,*
찬드레스워마하타,,,,NNP,*,F,찬드레스워마하타,*,*,*,*,*
찰스크로이터,,,,NNP,*,F,찰스크로이터,*,*,*,*,*
채문희,,,,NNP,*,F,채문희,*,*,*,*,*
채재성,,,,NNP,*,T,채재성,*,*,*,*,*
천현진,,,,NNP,*,T,천현진,*,*,*,*,*
최건용,,,,NNP,*,T,최건용,*,*,*,*,*
최경규,,,,NNP,*,T,최경규,*,*,*,*,*
최경진,,,,NNP,*,F,최경진,*,*,*,*,*
최동순,,,,NNP,*,T,최동순,*,*,*,*,*
최문규,,,,NNP,*,F,최문규,*,*,*,*,*
최문정,,,,NNP,*,T,최문정,*,*,*,*,*
최민재,,,,NNP,*,F,최민재,*,*,*,*,*
최민희,,,,NNP,*,F,최민희,*,*,*,*,*
최병석,,,,NNP,*,T,최병석,*,*,*,*,*
최병화,,,,NNP,*,F,최병화,*,*,*,*,*
최봉석,,,,NNP,*,T,최봉석,*,*,*,*,*
최상미,,,,NNP,*,F,최상미,*,*,*,*,*
최성연,,,,NNP,*,T,최성연,*,*,*,*,*
최소영,,,,NNP,*,T,최소영,*,*,*,*,*
최수형,,,,NNP,*,T,최수형,*,*,*,*,*
최애리,,,,NNP,*,F,최애리,*,*,*,*,*
최애선,,,,NNP,*,T,최애선,*,*,*,*,*
최양석,,,,NNP,*,T,최양석,*,*,*,*,*
최연식,,,,NNP,*,T,최연식,*,*,*,*,*
최연주,,,,NNP,*,F,최연주,*,*,*,*,*
최영균,,,,NNP,*,T,최영균,*,*,*,*,*
최영환,,,,NNP,*,T,최영환,*,*,*,*,*
최영희,,,,NNP,*,F,최영희,*,*,*,*,*
최예리,,,,NNP,*,F,최예리,*,*,*,*,*
최예지,,,,NNP,*,F,최예지,*,*,*,*,*
최용웅,,,,NNP,*,T,최용웅,*,*,*,*,*
최우석,,,,NNP,*,T,최우석,*,*,*,*,*
최원준,,,,NNP,*,T,최원준,*,*,*,*,*
최유진,,,,NNP,*,T,최유진,*,*,*,*,*
최윤희,,,,NNP,*,F,최윤희,*,*,*,*,*
최은경,,,,NNP,*,T,최은경,*,*,*,*,*
최은만,,,,NNP,*,T,최은만,*,*,*,*,*
최은진,,,,NNP,*,T,최은진,*,*,*,*,*
최응렬,,,,NNP,*,T,최응렬,*,*,*,*,*
최응천,,,,NNP,*,T,최응천,*,*,*,*,*
최의근,,,,NNP,*,T,최의근,*,*,*,*,*
최일우,,,,NNP,*,F,최일우,*,*,*,*,*
최재곤,,,,NNP,*,T,최재곤,*,*,*,*,*
최정선,,,,NNP,*,T,최정선,*,*,*,*,*
최정은,,,,NNP,*,T,최정은,*,*,*,*,*
최종수,,,,NNP,*,F,최종수,*,*,*,*,*
최종찬,,,,NNP,*,T,최종찬,*,*,*,*,*
최준혁,,,,NNP,*,T,최준혁,*,*,*,*,*
최중철,,,,NNP,*,T,최중철,*,*,*,*,*
최지용,,,,NNP,*,T,최지용,*,*,*,*,*
최지원,,,,NNP,*,T,최지원,*,*,*,*,*
최지윤,,,,NNP,*,T,최지윤,*,*,*,*,*
최지혜,,,,NNP,*,F,최지혜,*,*,*,*,*
최진영,,,,NNP,*,T,최진영,*,*,*,*,*
최창락,,,,NNP,*,T,최창락,*,*,*,*,*
최창렬,,,,NNP,*,T,최창렬,*,*,*,*,*
최창순,,,,NNP,*,T,최창순,*,*,*,*,*
최창익,,,,NNP,*,T,최창익,*,*,*,*,*
최청아,,,,NNP,*,F,최청아,*,*,*,*,*
최한호,,,,NNP,*,F,최한호,*,*,*,*,*
최현도,,,,NNP,*,F,최현도,*,*,*,*,*
최형락,,,,NNP,*,T,최형락,*,*,*,*,*
최호진,,,,NNP,*,T,최호진,*,*,*,*,*
최희경,,,,NNP,*,T,최희경,*,*,*,*,*
추종근,,,,NNP,*,T,추종근,*,*,*,*,*
카니카,,,,NNP,*,F,카니카,*,*,*,*,*
카룹,,,,NNP,*,T,카룹,*,*,*,*,*
카린맥도날드,,,,NNP,*,F,카린맥도날드,*,*,*,*,*
카메론베일리,,,,NNP,*,F,카메론베일리,*,*,*,*,*
카투,,,,NNP,*,F,카투,*,*,*,*,*
카페두리터,,,,NNP,*,F,카페두리터,*,*,*,*,*
케네스윌슨,,,,NNP,*,T,케네스윌슨,*,*,*,*,*
케서린무어,,,,NNP,*,F,케서린무어,*,*,*,*,*
크레이그블리스,,,,NNP,*,F,크레이그블리스,*,*,*,*,*
키난페건,,,,NNP,*,T,키난페건,*,*,*,*,*
키아란,,,,NNP,*,T,키아란,*,*,*,*,*
키아란피에차카,,,,NNP,*,F,키아란피에차카,*,*,*,*,*
탁상민,,,,NNP,*,T,탁상민,*,*,*,*,*
탄후이훙,,,,NNP,*,T,탄후이훙,*,*,*,*,*
파와르,,,,NNP,*,F,파와르,*,*,*,*,*
팔정도,,,,NNP,*,F,팔정도,*,*,*,*,*
팔렘 라마스바 레디,,,,NNP,*,F,팔렘 라마스바 레디,*,*,*,*,*
패트릭,,,,NNP,*,T,패트릭,*,*,*,*,*
페리야사미,,,,NNP,*,F,페리야사미,*,*,*,*,*
푸타바메티,,,,NNP,*,F,푸타바메티,*,*,*,*,*
퓨란,,,,NNP,*,T,퓨란,*,*,*,*,*
프라카시,,,,NNP,*,F,프라카시,*,*,*,*,*
플로저스,,,,NNP,*,F,플로저스,*,*,*,*,*
피오나맥마틴,,,,NNP,*,T,피오나맥마틴,*,*,*,*,*
핍초도로프,,,,NNP,*,F,핍초도로프,*,*,*,*,*
하고운,,,,NNP,*,T,하고운,*,*,*,*,*
하민성,,,,NNP,*,T,하민성,*,*,*,*,*
하복동,,,,NNP,*,T,하복동,*,*,*,*,*
하오선,,,,NNP,*,T,하오선,*,*,*,*,*
하진국,,,,NNP,*,T,하진국,*,*,*,*,*
하창구,,,,NNP,*,F,하창구,*,*,*,*,*
하현정,,,,NNP,*,T,하현정,*,*,*,*,*
하홍열,,,,NNP,*,T,하홍열,*,*,*,*,*
학생식당,,,,NNP,*,T,학생식당,*,*,*,*,*
한광야,,,,NNP,*,F,한광야,*,*,*,*,*
한기용,,,,NNP,*,T,한기용,*,*,*,*,*
한기진,,,,NNP,*,T,한기진,*,*,*,*,*
한동진,,,,NNP,*,T,한동진,*,*,*,*,*
한만수,,,,NNP,*,F,한만수,*,*,*,*,*
한명숙,,,,NNP,*,T,한명숙,*,*,*,*,*
한명화,,,,NNP,*,F,한명화,*,*,*,*,*
한미정,,,,NNP,*,T,한미정,*,*,*,*,*
한민우,,,,NNP,*,F,한민우,*,*,*,*,*
한상길,,,,NNP,*,T,한상길,*,*,*,*,*
한송이,,,,NNP,*,F,한송이,*,*,*,*,*
한영규,,,,NNP,*,F,한영규,*,*,*,*,*
한용수,,,,NNP,*,F,한용수,*,*,*,*,*
한웅진,,,,NNP,*,T,한웅진,*,*,*,*,*
한윤수,,,,NNP,*,F,한윤수,*,*,*,*,*
한정인,,,,NNP,*,T,한정인,*,*,*,*,*
한준구,,,,NNP,*,F,한준구,*,*,*,*,*
한철호,,,,NNP,*,F,한철호,*,*,*,*,*
한효경,,,,NNP,*,T,한효경,*,*,*,*,*
한희원,,,,NNP,*,T,한희원,*,*,*,*,*
함석진,,,,NNP,*,T,함석진,*,*,*,*,*
함영란,,,,NNP,*,T,함영란,*,*,*,*,*
허경원,,,,NNP,*,T,허경원,*,*,*,*,*
허근영,,,,NNP,*,T,허근영,*,*,*,*,*
허남결,,,,NNP,*,T,허남결,*,*,*,*,*
허라희,,,,NNP,*,F,허라희,*,*,*,*,*
허민영,,,,NNP,*,T,허민영,*,*,*,*,*
허병식,,,,NNP,*,T,허병식,*,*,*,*,*
허부강,,,,NNP,*,T,허부강,*,*,*,*,*
허선이,,,,NNP,*,F,허선이,*,*,*,*,*
허연화,,,,NNP,*,F,허연화,*,*,*,*,*
허정인,,,,NNP,*,T,허정인,*,*,*,*,*
허준,,,,NNP,*,T,허준,*,*,*,*,*
허현식,,,,NNP,*,T,허현식,*,*,*,*,*
헴라지야다브,,,,NNP,*,F,헴라지야다브,*,*,*,*,*
현미화,,,,NNP,*,F,현미화,*,*,*,*,*
현영철,,,,NNP,*,T,현영철,*,*,*,*,*
현정환,,,,NNP,*,T,현정환,*,*,*,*,*
현희조,,,,NNP,*,F,현희조,*,*,*,*,*
혜거,,,,NNP,*,F,혜거,*,*,*,*,*
혜화관매점,,,,NNP,*,T,혜화관매점,*,*,*,*,*
혜화카페,,,,NNP,*,F,혜화카페,*,*,*,*,*
홍광원,,,,NNP,*,T,홍광원,*,*,*,*,*
홍록기,,,,NNP,*,F,홍록기,*,*,*,*,*
홍보라,,,,NNP,*,F,홍보라,*,*,*,*,*
홍성규,,,,NNP,*,F,홍성규,*,*,*,*,*
홍성균,,,,NNP,*,T,홍성균,*,*,*,*,*
홍성조,,,,NNP,*,F,홍성조,*,*,*,*,*
홍소정,,,,NNP,*,T,홍소정,*,*,*,*,*
홍송이,,,,NNP,*,F,홍송이,*,*,*,*,*
홍승욱,,,,NNP,*,T,홍승욱,*,*,*,*,*
홍승의,,,,NNP,*,F,홍승의,*,*,*,*,*
홍승현,,,,NNP,*,T,홍승현,*,*,*,*,*
홍예주,,,,NNP,*,F,홍예주,*,*,*,*,*
홍유표,,,,NNP,*,F,홍유표,*,*,*,*,*
홍윤기,,,,NNP,*,F,홍윤기,*,*,*,*,*
홍정민,,,,NNP,*,T,홍정민,*,*,*,*,*
홍지호,,,,NNP,*,F,홍지호,*,*,*,*,*
홍태균,,,,NNP,*,T,홍태균,*,*,*,*,*
홍하린,,,,NNP,*,T,홍하린,*,*,*,*,*
홍혜정,,,,NNP,*,T,홍혜정,*,*,*,*,*
황경태,,,,NNP,*,F,황경태,*,*,*,*,*
황규선,,,,NNP,*,T,황규선,*,*,*,*,*
황금연,,,,NNP,*,T,황금연,*,*,*,*,*
황다슬,,,,NNP,*,T,황다슬,*,*,*,*,*
황도경,,,,NNP,*,T,황도경,*,*,*,*,*
황병걸,,,,NNP,*,T,황병걸,*,*,*,*,*
황상준,,,,NNP,*,T,황상준,*,*,*,*,*
황성혜,,,,NNP,*,F,황성혜,*,*,*,*,*
황순일,,,,NNP,*,F,황순일,*,*,*,*,*
황승훈,,,,NNP,*,F,황승훈,*,*,*,*,*
황유나,,,,NNP,*,F,황유나,*,*,*,*,*
황은영,,,,NNP,*,F,황은영,*,*,*,*,*
황의경,,,,NNP,*,F,황의경,*,*,*,*,*
황인규,,,,NNP,*,F,황인규,*,*,*,*,*
황재현,,,,NNP,*,T,황재현,*,*,*,*,*
황정일,,,,NNP,*,T,황정일,*,*,*,*,*
황종연,,,,NNP,*,T,황종연,*,*,*,*,*
황주연,,,,NNP,*,T,황주연,*,*,*,*,*
황지현,,,,NNP,*,T,황지현,*,*,*,*,*
황하성,,,,NNP,*,T,황하성,*,*,*,*,*
황훈성,,,,NNP,*,T,황훈성,*,*,*,*,*
후세인니아마트,,,,NNP,*,F,후세인니아마트,*,*,*,*,*
BMC누리터매점,,,,NNP,*,T,BMC누리터매점,*,*,*,*,*
BMC할리스커피,,,,NNP,*,F,BMC할리스커피,*,*,*,*,*